mtllib model_0.mtl
o model_0
v 0.5995010137557983 0.8632152676582336 1.3591537475585938 
v 0.5995010137557983 0.840743362903595 1.361548900604248 
v 0.5995010137557983 0.9618963003158569 1.4130431413650513 
v 0.5995010137557983 0.840743362903595 1.4130431413650513 
v 0.5995010137557983 0.8837330937385559 1.3507710695266724 
v 0.5995010137557983 0.8993657827377319 1.3352030515670776 
v 0.5995010137557983 0.9618963003158569 1.2920916080474854 
v 0.5995010137557983 0.9081591367721558 1.3148448467254639 
v 0.5995010137557983 0.9101132154464722 1.2920916080474854 
v 0.5995010137557983 0.9101132154464722 -0.8407271504402161 
v 0.5995010137557983 0.9618963003158569 -0.8407271504402161 
v 0.5995010137557983 0.8993657827377319 -0.8838385939598083 
v 0.5995010137557983 0.9618963003158569 -0.9616787433624268 
v 0.5995010137557983 0.840743362903595 -0.9616787433624268 
v 0.5995010137557983 0.8837330937385559 -0.8994066119194031 
v 0.5995010137557983 0.8632152676582336 -0.907789409160614 
v 0.5995010137557983 0.840743362903595 -0.9101845026016235 
v 0.5995010137557983 0.0004889600095339119 -0.9616787433624268 
v 0.5995010137557983 0.0004889600095339119 -0.9101845026016235 
v 0.5995010137557983 -0.8407424688339233 -0.9101845026016235 
v 0.5995010137557983 -0.8407424688339233 -0.9616787433624268 
v 0.5995010137557983 -0.863214373588562 -0.907789409160614 
v 0.5995010137557983 -0.883732259273529 -0.8994066119194031 
v 0.5995010137557983 -0.8993648886680603 -0.8838385939598083 
v 0.5995010137557983 -0.9618954658508301 -0.9616787433624268 
v 0.5995010137557983 -0.9618954658508301 -0.8407271504402161 
v 0.5995010137557983 -0.9101123213768005 -0.8407271504402161 
v 0.5995010137557983 -0.9618954658508301 1.2920916080474854 
v 0.5995010137557983 -0.9101123213768005 1.2920916080474854 
v 0.5995010137557983 -0.9081582427024841 1.3148448467254639 
v 0.5995010137557983 -0.8993648886680603 1.3352030515670776 
v 0.5995010137557983 -0.9618954658508301 1.4130431413650513 
v 0.5995010137557983 -0.883732259273529 1.3507710695266724 
v 0.5995010137557983 -0.863214373588562 1.3591537475585938 
v 0.5995010137557983 -0.8407424688339233 1.361548900604248 
v 0.5995010137557983 -0.8407424688339233 1.4130431413650513 
v 0.5995010137557983 0.0004889600095339119 1.361548900604248 
v 0.5995010137557983 0.0004889600095339119 1.4130431413650513 
v 0.6006749272346497 0.0004889600095339119 1.425018548965454 
v 0.6006749272346497 0.840743362903595 1.425018548965454 
v 0.6055662035942078 0.0004889600095339119 1.436993956565857 
v 0.6006749272346497 -0.8407424688339233 1.425018548965454 
v 0.6006749272346497 -0.9618954658508301 1.425018548965454 
v 0.6055662035942078 -0.8407424688339233 1.436993956565857 
v 0.6141749024391174 0.0004889600095339119 1.4453766345977783 
v 0.6055662035942078 0.840743362903595 1.436993956565857 
v 0.6141749024391174 0.840743362903595 1.4453766345977783 
v 0.6055662035942078 0.9618963003158569 1.436993956565857 
v 0.6141749024391174 0.9618963003158569 1.4453766345977783 
v 0.6143705248832703 0.9745978116989136 1.4441791772842407 
v 0.6069357991218567 0.9745978116989136 1.436993956565857 
v 0.615935742855072 0.9833912253379822 1.4405865669250488 
v 0.6104575395584106 0.9833912253379822 1.4345988035202026 
v 0.6022401452064514 0.9745978116989136 1.4262160062789917 
v 0.6069357991218567 0.9853453040122986 1.425018548965454 
v 0.5995010137557983 0.9081591367721558 -0.8634804487228394 
v 0.5995010137557983 -0.9081582427024841 -0.8634804487228394 
v 0.6006749272346497 0.9618963003158569 1.425018548965454 
v 0.6006749272346497 0.9736207723617554 1.4130431413650513 
v 0.6055662035942078 0.9853453040122986 1.4130431413650513 
v 0.6006749272346497 0.9736207723617554 1.2920916080474854 
v 0.6055662035942078 0.9853453040122986 1.2920916080474854 
v 0.6006749272346497 0.9736207723617554 -0.8407271504402161 
v 0.6055662035942078 0.9853453040122986 -0.8407271504402161 
v 0.6006749272346497 0.9736207723617554 -0.9616787433624268 
v 0.6055662035942078 0.9853453040122986 -0.9616787433624268 
v 0.6022401452064514 0.9745978116989136 -0.974851667881012 
v 0.6006749272346497 0.9618963003158569 -0.9736540913581848 
v 0.6069357991218567 0.9745978116989136 -0.9856294989585876 
v 0.6055662035942078 0.9618963003158569 -0.9856294989585876 
v 0.6006749272346497 0.840743362903595 -0.9736540913581848 
v 0.6104575395584106 0.9833912253379822 -0.9832344651222229 
v 0.6069357991218567 0.9853453040122986 -0.9736540913581848 
v 0.6143705248832703 0.992184579372406 -0.9736540913581848 
v 0.6141749024391174 0.9941386580467224 -0.9616787433624268 
v 0.615935742855072 0.9892534613609314 -0.9832344651222229 
v 0.6055662035942078 0.840743362903595 -0.9856294989585876 
v 0.6006749272346497 0.0004889600095339119 -0.9736540913581848 
v 0.6055662035942078 0.0004889600095339119 -0.9856294989585876 
v 0.6055662035942078 -0.8407424688339233 -0.9856294989585876 
v 0.6006749272346497 -0.8407424688339233 -0.9736540913581848 
v 0.6055662035942078 -0.9618954658508301 -0.9856294989585876 
v 0.6006749272346497 -0.9618954658508301 -0.9736540913581848 
v 0.6069357991218567 -0.9745969772338867 -0.9856294989585876 
v 0.6022401452064514 -0.9745969772338867 -0.974851667881012 
v 0.6104575395584106 -0.9833903312683105 -0.9832344651222229 
v 0.6069357991218567 -0.985344409942627 -0.9736540913581848 
v 0.615935742855072 -0.9892525672912598 -0.9832344651222229 
v 0.6143705248832703 -0.9921836853027344 -0.9736540913581848 
v 0.6055662035942078 -0.985344409942627 -0.9616787433624268 
v 0.6141749024391174 -0.9941377639770508 -0.9616787433624268 
v 0.6006749272346497 -0.9736199378967285 -0.9616787433624268 
v 0.6055662035942078 -0.985344409942627 -0.8407271504402161 
v 0.6006749272346497 -0.9736199378967285 -0.8407271504402161 
v 0.6006749272346497 -0.9736199378967285 1.2920916080474854 
v 0.6006749272346497 -0.9736199378967285 1.4130431413650513 
v 0.6022401452064514 -0.9745969772338867 1.4262160062789917 
v 0.6055662035942078 -0.985344409942627 1.2920916080474854 
v 0.6055662035942078 -0.985344409942627 1.4130431413650513 
v 0.6069357991218567 -0.985344409942627 1.425018548965454 
v 0.6104575395584106 -0.9833903312683105 1.4345988035202026 
v 0.6069357991218567 -0.9745969772338867 1.436993956565857 
v 0.615935742855072 -0.9833903312683105 1.4405865669250488 
v 0.6143705248832703 -0.9745969772338867 1.4441791772842407 
v 0.6055662035942078 -0.9618954658508301 1.436993956565857 
v 0.6141749024391174 -0.9618954658508301 1.4453766345977783 
v 0.6141749024391174 -0.8407424688339233 1.4453766345977783 
v 0.9890441298484802 0.9833912253379822 -0.9832344651222229 
v 0.9835658669471741 0.9892534613609314 -0.9832344651222229 
v 0.9835658669471741 0.9833912253379822 -0.9892221689224243 
v 0.9741745591163635 0.9853453040122986 -0.9928147792816162 
v 0.974565863609314 0.9745978116989136 -0.9976049065589905 
v 0.9618484973907471 0.9736207723617554 -0.9988024830818176 
v 0.9618484973907471 0.9618963003158569 -1 
v 0.9739789366722107 0.9618963003158569 -0.9988024830818176 
v 0.9851310849189758 0.9745978116989136 -0.9928147792816162 
v 0.9853267669677734 0.9618963003158569 -0.9940122961997986 
v 0.9741745591163635 0.992184579372406 -0.9856294989585876 
v 0.9618484973907471 0.9853453040122986 -0.9940122961997986 
v 0.637653112411499 0.9853453040122986 -0.9940122961997986 
v 0.637653112411499 0.9736207723617554 -0.9988024830818176 
v 0.6253270506858826 0.9853453040122986 -0.9928147792816162 
v 0.6249357461929321 0.9745978116989136 -0.9976049065589905 
v 0.637653112411499 0.9618963003158569 -1 
v 0.9618484973907471 0.9941386580467224 -0.9856294989585876 
v 0.637653112411499 0.9941386580467224 -0.9856294989585876 
v 0.615935742855072 0.9833912253379822 -0.9892221689224243 
v 0.637653112411499 0.0004889600095339119 -1 
v 0.637653112411499 0.840743362903595 -1 
v 0.6255227327346802 0.0004889600095339119 -0.9988024830818176 
v 0.6255227327346802 0.840743362903595 -0.9988024830818176 
v 0.6255227327346802 0.9618963003158569 -0.9988024830818176 
v 0.637653112411499 -0.8407424688339233 -1 
v 0.6255227327346802 -0.8407424688339233 -0.9988024830818176 
v 0.637653112411499 -0.9618954658508301 -1 
v 0.6141749024391174 0.0004889600095339119 -0.9940122961997986 
v 0.6141749024391174 0.840743362903595 -0.9940122961997986 
v 0.6141749024391174 0.9618963003158569 -0.9940122961997986 
v 0.6143705248832703 0.9745978116989136 -0.9928147792816162 
v 0.6069357991218567 0.9745978116989136 -0.9856294989585876 
v 0.6104575395584106 0.9833912253379822 -0.9832344651222229 
v 0.615935742855072 0.9892534613609314 -0.9832344651222229 
v 0.6055662035942078 0.9618963003158569 -0.9856294989585876 
v 0.6055662035942078 0.840743362903595 -0.9856294989585876 
v 0.6055662035942078 0.0004889600095339119 -0.9856294989585876 
v 0.6141749024391174 -0.8407424688339233 -0.9940122961997986 
v 0.6255227327346802 -0.9618954658508301 -0.9988024830818176 
v 0.6055662035942078 -0.8407424688339233 -0.9856294989585876 
v 0.6141749024391174 -0.9618954658508301 -0.9940122961997986 
v 0.6055662035942078 -0.9618954658508301 -0.9856294989585876 
v 0.6069357991218567 -0.9745969772338867 -0.9856294989585876 
v 0.6143705248832703 -0.9745969772338867 -0.9928147792816162 
v 0.6104575395584106 -0.9833903312683105 -0.9832344651222229 
v 0.615935742855072 -0.9833903312683105 -0.9892221689224243 
v 0.615935742855072 -0.9892525672912598 -0.9832344651222229 
v 0.6249357461929321 -0.9745969772338867 -0.9976049065589905 
v 0.6253270506858826 -0.985344409942627 -0.9928147792816162 
v 0.637653112411499 -0.9736199378967285 -0.9988024830818176 
v 0.637653112411499 -0.985344409942627 -0.9940122961997986 
v 0.9618484973907471 -0.9736199378967285 -0.9988024830818176 
v 0.9618484973907471 -0.985344409942627 -0.9940122961997986 
v 0.637653112411499 -0.9941377639770508 -0.9856294989585876 
v 0.9618484973907471 -0.9941377639770508 -0.9856294989585876 
v 0.9741745591163635 -0.9921836853027344 -0.9856294989585876 
v 0.9741745591163635 -0.985344409942627 -0.9928147792816162 
v 0.9835658669471741 -0.9892525672912598 -0.9832344651222229 
v 0.9835658669471741 -0.9833903312683105 -0.9892221689224243 
v 0.9890441298484802 -0.9833903312683105 -0.9832344651222229 
v 0.9618484973907471 -0.9618954658508301 -1 
v 0.974565863609314 -0.9745969772338867 -0.9976049065589905 
v 0.9739789366722107 -0.9618954658508301 -0.9988024830818176 
v 0.9618484973907471 -0.8407424688339233 -1 
v 0.9739789366722107 -0.8407424688339233 -0.9988024830818176 
v 0.9618484973907471 0.0004889600095339119 -1 
v 0.9739789366722107 0.0004889600095339119 -0.9988024830818176 
v 0.9739789366722107 0.840743362903595 -0.9988024830818176 
v 0.9853267669677734 0.840743362903595 -0.9940122961997986 
v 0.9939354062080383 0.9618963003158569 -0.9856294989585876 
v 0.9939354062080383 0.840743362903595 -0.9856294989585876 
v 0.9853267669677734 0.0004889600095339119 -0.9940122961997986 
v 0.9939354062080383 0.0004889600095339119 -0.9856294989585876 
v 0.9939354062080383 -0.8407424688339233 -0.9856294989585876 
v 0.9853267669677734 -0.8407424688339233 -0.9940122961997986 
v 0.9939354062080383 -0.9618954658508301 -0.9856294989585876 
v 0.9618484973907471 0.840743362903595 -1 
v 0.9853267669677734 -0.9618954658508301 -0.9940122961997986 
v 0.9851310849189758 -0.9745969772338867 -0.9928147792816162 
v 0.9890441298484802 0.9833912253379822 1.4345988035202026 
v 0.9835658669471741 0.9833912253379822 1.4405865669250488 
v 0.9835658669471741 0.9892534613609314 1.4345988035202026 
v 0.9741745591163635 0.992184579372406 1.436993956565857 
v 0.9741745591163635 0.9853453040122986 1.4441791772842407 
v 0.9618484973907471 0.9941386580467224 1.436993956565857 
v 0.9618484973907471 0.9853453040122986 1.4453766345977783 
v 0.9618484973907471 0.9990238547325134 1.425018548965454 
v 0.637653112411499 0.9941386580467224 1.436993956565857 
v 0.637653112411499 0.9990238547325134 1.425018548965454 
v 0.6253270506858826 0.992184579372406 1.436993956565857 
v 0.6249357461929321 0.997069776058197 1.4262160062789917 
v 0.615935742855072 0.9892534613609314 1.4345988035202026 
v 0.974565863609314 0.997069776058197 1.4262160062789917 
v 0.9618484973907471 1.0000008344650269 1.4130431413650513 
v 0.9739789366722107 0.9990238547325134 1.4130431413650513 
v 0.9851310849189758 0.992184579372406 1.425018548965454 
v 0.9853267669677734 0.9941386580467224 1.4130431413650513 
v 0.637653112411499 1.0000008344650269 1.4130431413650513 
v 0.9939354062080383 0.9853453040122986 1.4130431413650513 
v 0.9853267669677734 0.9941386580467224 1.2920916080474854 
v 0.9739789366722107 0.9990238547325134 1.2920916080474854 
v 0.9618484973907471 1.0000008344650269 1.2920916080474854 
v 0.9939354062080383 0.9853453040122986 1.2920916080474854 
v 0.9853267669677734 0.9941386580467224 -0.8407271504402161 
v 0.9939354062080383 0.9853453040122986 -0.8407271504402161 
v 0.9853267669677734 0.9941386580467224 -0.9616787433624268 
v 0.9939354062080383 0.9853453040122986 -0.9616787433624268 
v 0.9925658702850342 0.9853453040122986 -0.9736540913581848 
v 0.9851310849189758 0.992184579372406 -0.9736540913581848 
v 0.9890441298484802 0.9833912253379822 -0.9832344651222229 
v 0.9835658669471741 0.9892534613609314 -0.9832344651222229 
v 0.974565863609314 0.997069776058197 -0.974851667881012 
v 0.9741745591163635 0.992184579372406 -0.9856294989585876 
v 0.9739789366722107 0.9990238547325134 -0.9616787433624268 
v 0.9739789366722107 0.9990238547325134 -0.8407271504402161 
v 0.9618484973907471 1.0000008344650269 -0.8407271504402161 
v 0.9618484973907471 1.0000008344650269 -0.9616787433624268 
v 0.9618484973907471 0.9990238547325134 -0.9736540913581848 
v 0.9618484973907471 0.9941386580467224 -0.9856294989585876 
v 0.637653112411499 0.9990238547325134 -0.9736540913581848 
v 0.637653112411499 0.9941386580467224 -0.9856294989585876 
v 0.637653112411499 1.0000008344650269 -0.9616787433624268 
v 0.637653112411499 1.0000008344650269 -0.8407271504402161 
v 0.637653112411499 1.0000008344650269 1.2920916080474854 
v 0.6255227327346802 0.9990238547325134 1.2920916080474854 
v 0.6255227327346802 0.9990238547325134 -0.8407271504402161 
v 0.6255227327346802 0.9990238547325134 -0.9616787433624268 
v 0.6249357461929321 0.997069776058197 -0.974851667881012 
v 0.6253270506858826 0.992184579372406 -0.9856294989585876 
v 0.6253270506858826 0.9853453040122986 -0.9928147792816162 
v 0.637653112411499 0.9853453040122986 -0.9940122961997986 
v 0.615935742855072 0.9833912253379822 -0.9892221689224243 
v 0.615935742855072 0.9892534613609314 -0.9832344651222229 
v 0.6143705248832703 0.992184579372406 -0.9736540913581848 
v 0.6141749024391174 0.9941386580467224 -0.9616787433624268 
v 0.6141749024391174 0.9941386580467224 -0.8407271504402161 
v 0.6141749024391174 0.9941386580467224 1.2920916080474854 
v 0.6255227327346802 0.9990238547325134 1.4130431413650513 
v 0.6143705248832703 0.992184579372406 1.425018548965454 
v 0.6104575395584106 0.9833912253379822 1.4345988035202026 
v 0.615935742855072 0.9833912253379822 1.4405865669250488 
v 0.6055662035942078 0.9853453040122986 -0.9616787433624268 
v 0.6055662035942078 0.9853453040122986 -0.8407271504402161 
v 0.6055662035942078 0.9853453040122986 1.2920916080474854 
v 0.6141749024391174 0.9941386580467224 1.4130431413650513 
v 0.6055662035942078 0.9853453040122986 1.4130431413650513 
v 0.6069357991218567 0.9853453040122986 1.425018548965454 
v 0.9890441298484802 -0.9833903312683105 1.4345988035202026 
v 0.9835658669471741 -0.9833903312683105 1.4405865669250488 
v 0.9835658669471741 -0.9892525672912598 1.4345988035202026 
v 0.9741745591163635 -0.9921836853027344 1.436993956565857 
v 0.9741745591163635 -0.985344409942627 1.4441791772842407 
v 0.9618484973907471 -0.9941377639770508 1.436993956565857 
v 0.9618484973907471 -0.985344409942627 1.4453766345977783 
v 0.9618484973907471 -0.9990229606628418 1.425018548965454 
v 0.637653112411499 -0.9941377639770508 1.436993956565857 
v 0.637653112411499 -0.9990229606628418 1.425018548965454 
v 0.6253270506858826 -0.9921836853027344 1.436993956565857 
v 0.6249357461929321 -0.9970688819885254 1.4262160062789917 
v 0.615935742855072 -0.9892525672912598 1.4345988035202026 
v 0.974565863609314 -0.9970688819885254 1.4262160062789917 
v 0.9618484973907471 -1 1.4130431413650513 
v 0.9739789366722107 -0.9990229606628418 1.4130431413650513 
v 0.9851310849189758 -0.9921836853027344 1.425018548965454 
v 0.9853267669677734 -0.9941377639770508 1.4130431413650513 
v 0.637653112411499 -1 1.4130431413650513 
v 0.637653112411499 -1 1.2920916080474854 
v 0.6255227327346802 -0.9990229606628418 1.2920916080474854 
v 0.6255227327346802 -0.9990229606628418 1.4130431413650513 
v 0.6143705248832703 -0.9921836853027344 1.425018548965454 
v 0.6104575395584106 -0.9833903312683105 1.4345988035202026 
v 0.615935742855072 -0.9833903312683105 1.4405865669250488 
v 0.6069357991218567 -0.985344409942627 1.425018548965454 
v 0.6141749024391174 -0.9941377639770508 1.4130431413650513 
v 0.6055662035942078 -0.985344409942627 1.4130431413650513 
v 0.6055662035942078 -0.985344409942627 1.2920916080474854 
v 0.6141749024391174 -0.9941377639770508 1.2920916080474854 
v 0.6141749024391174 -0.9941377639770508 -0.8407271504402161 
v 0.6055662035942078 -0.985344409942627 -0.8407271504402161 
v 0.6055662035942078 -0.985344409942627 -0.9616787433624268 
v 0.6141749024391174 -0.9941377639770508 -0.9616787433624268 
v 0.6255227327346802 -0.9990229606628418 -0.8407271504402161 
v 0.637653112411499 -1 -0.8407271504402161 
v 0.9618484973907471 -1 1.2920916080474854 
v 0.6255227327346802 -0.9990229606628418 -0.9616787433624268 
v 0.6143705248832703 -0.9921836853027344 -0.9736540913581848 
v 0.6249357461929321 -0.9970688819885254 -0.974851667881012 
v 0.615935742855072 -0.9892525672912598 -0.9832344651222229 
v 0.6253270506858826 -0.9921836853027344 -0.9856294989585876 
v 0.615935742855072 -0.9833903312683105 -0.9892221689224243 
v 0.6253270506858826 -0.985344409942627 -0.9928147792816162 
v 0.637653112411499 -0.9941377639770508 -0.9856294989585876 
v 0.637653112411499 -0.985344409942627 -0.9940122961997986 
v 0.637653112411499 -0.9990229606628418 -0.9736540913581848 
v 0.9618484973907471 -0.9941377639770508 -0.9856294989585876 
v 0.9618484973907471 -0.9990229606628418 -0.9736540913581848 
v 0.9741745591163635 -0.9921836853027344 -0.9856294989585876 
v 0.974565863609314 -0.9970688819885254 -0.974851667881012 
v 0.9835658669471741 -0.9892525672912598 -0.9832344651222229 
v 0.9851310849189758 -0.9921836853027344 -0.9736540913581848 
v 0.9890441298484802 -0.9833903312683105 -0.9832344651222229 
v 0.9925658702850342 -0.985344409942627 -0.9736540913581848 
v 0.9853267669677734 -0.9941377639770508 -0.9616787433624268 
v 0.9939354062080383 -0.985344409942627 -0.9616787433624268 
v 0.9939354062080383 -0.985344409942627 -0.8407271504402161 
v 0.9853267669677734 -0.9941377639770508 -0.8407271504402161 
v 0.9939354062080383 -0.985344409942627 1.2920916080474854 
v 0.9853267669677734 -0.9941377639770508 1.2920916080474854 
v 0.9939354062080383 -0.985344409942627 1.4130431413650513 
v 0.9739789366722107 -0.9990229606628418 1.2920916080474854 
v 0.9618484973907471 -1 -0.8407271504402161 
v 0.637653112411499 -1 -0.9616787433624268 
v 0.9618484973907471 -1 -0.9616787433624268 
v 0.9739789366722107 -0.9990229606628418 -0.8407271504402161 
v 0.9739789366722107 -0.9990229606628418 -0.9616787433624268 
v 0.9925658702850342 0.9745978116989136 1.436993956565857 
v 0.9988267421722412 0.9618963003158569 1.425018548965454 
v 0.9972615242004395 0.9745978116989136 1.4262160062789917 
v 1.0000005960464478 0.9618963003158569 1.4130431413650513 
v 0.9988267421722412 0.9736207723617554 1.4130431413650513 
v 0.9988267421722412 0.9736207723617554 1.2920916080474854 
v 1.0000005960464478 0.9618963003158569 1.2920916080474854 
v 1.0000005960464478 0.840743362903595 1.4130431413650513 
v 0.9853267669677734 0.9941386580467224 1.4130431413650513 
v 0.9851310849189758 0.992184579372406 1.425018548965454 
v 0.9939354062080383 0.9853453040122986 1.4130431413650513 
v 0.9925658702850342 0.9853453040122986 1.425018548965454 
v 0.9890441298484802 0.9833912253379822 1.4345988035202026 
v 0.9835658669471741 0.9892534613609314 1.4345988035202026 
v 0.9939354062080383 0.9853453040122986 1.2920916080474854 
v 0.9939354062080383 0.9853453040122986 -0.8407271504402161 
v 0.9988267421722412 0.9736207723617554 -0.8407271504402161 
v 0.9939354062080383 0.9853453040122986 -0.9616787433624268 
v 0.9988267421722412 0.9736207723617554 -0.9616787433624268 
v 0.9925658702850342 0.9853453040122986 -0.9736540913581848 
v 1.0000005960464478 0.9618963003158569 -0.8407271504402161 
v 1.0000005960464478 0.840743362903595 1.2920916080474854 
v 1.0000005960464478 0.0004889600095339119 1.4130431413650513 
v 0.9988267421722412 0.840743362903595 1.425018548965454 
v 0.9939354062080383 0.9618963003158569 1.436993956565857 
v 0.9939354062080383 0.840743362903595 1.436993956565857 
v 0.9853267669677734 0.9618963003158569 1.4453766345977783 
v 0.9853267669677734 0.840743362903595 1.4453766345977783 
v 0.9939354062080383 0.0004889600095339119 1.436993956565857 
v 0.9853267669677734 0.0004889600095339119 1.4453766345977783 
v 0.9853267669677734 -0.8407424688339233 1.4453766345977783 
v 0.9939354062080383 -0.8407424688339233 1.436993956565857 
v 0.9853267669677734 -0.9618954658508301 1.4453766345977783 
v 0.9939354062080383 -0.9618954658508301 1.436993956565857 
v 0.9988267421722412 -0.8407424688339233 1.425018548965454 
v 0.9988267421722412 -0.9618954658508301 1.425018548965454 
v 0.9925658702850342 -0.9745969772338867 1.436993956565857 
v 0.9972615242004395 -0.9745969772338867 1.4262160062789917 
v 0.9890441298484802 -0.9833903312683105 1.4345988035202026 
v 0.9925658702850342 -0.985344409942627 1.425018548965454 
v 0.9835658669471741 -0.9892525672912598 1.4345988035202026 
v 0.9851310849189758 -0.9921836853027344 1.425018548965454 
v 0.9939354062080383 -0.985344409942627 1.4130431413650513 
v 0.9853267669677734 -0.9941377639770508 1.4130431413650513 
v 0.9988267421722412 -0.9736199378967285 1.4130431413650513 
v 1.0000005960464478 -0.9618954658508301 1.4130431413650513 
v 0.9939354062080383 -0.985344409942627 1.2920916080474854 
v 0.9988267421722412 -0.9736199378967285 1.2920916080474854 
v 0.9939354062080383 -0.985344409942627 -0.8407271504402161 
v 0.9988267421722412 -0.9736199378967285 -0.8407271504402161 
v 0.9939354062080383 -0.985344409942627 -0.9616787433624268 
v 1.0000005960464478 -0.9618954658508301 1.2920916080474854 
v 1.0000005960464478 -0.8407424688339233 1.4130431413650513 
v 1.0000005960464478 -0.8407424688339233 1.2920916080474854 
v 1.0000005960464478 -0.9618954658508301 -0.8407271504402161 
v 0.9988267421722412 -0.9736199378967285 -0.9616787433624268 
v 0.9925658702850342 -0.985344409942627 -0.9736540913581848 
v 0.9972615242004395 -0.9745969772338867 -0.974851667881012 
v 0.9890441298484802 -0.9833903312683105 -0.9832344651222229 
v 0.9925658702850342 -0.9745969772338867 -0.9856294989585876 
v 0.9835658669471741 -0.9833903312683105 -0.9892221689224243 
v 0.9851310849189758 -0.9745969772338867 -0.9928147792816162 
v 0.9939354062080383 -0.9618954658508301 -0.9856294989585876 
v 0.9853267669677734 -0.9618954658508301 -0.9940122961997986 
v 0.9988267421722412 -0.9618954658508301 -0.9736540913581848 
v 1.0000005960464478 -0.9618954658508301 -0.9616787433624268 
v 1.0000005960464478 -0.8407424688339233 -0.8407271504402161 
v 0.9939354062080383 -0.8407424688339233 -0.9856294989585876 
v 0.9988267421722412 -0.8407424688339233 -0.9736540913581848 
v 0.9939354062080383 0.0004889600095339119 -0.9856294989585876 
v 0.9988267421722412 0.0004889600095339119 -0.9736540913581848 
v 0.9988267421722412 0.840743362903595 -0.9736540913581848 
v 0.9939354062080383 0.840743362903595 -0.9856294989585876 
v 0.9988267421722412 0.9618963003158569 -0.9736540913581848 
v 0.9939354062080383 0.9618963003158569 -0.9856294989585876 
v 0.9925658702850342 0.9745978116989136 -0.9856294989585876 
v 0.9851310849189758 0.9745978116989136 -0.9928147792816162 
v 0.9835658669471741 0.9833912253379822 -0.9892221689224243 
v 0.9890441298484802 0.9833912253379822 -0.9832344651222229 
v 0.9972615242004395 0.9745978116989136 -0.974851667881012 
v 1.0000005960464478 0.9618963003158569 -0.9616787433624268 
v 1.0000005960464478 0.840743362903595 -0.9616787433624268 
v 1.0000005960464478 0.0004889600095339119 -0.9616787433624268 
v 1.0000005960464478 -0.8407424688339233 -0.9616787433624268 
v 1.0000005960464478 0.0004889600095339119 -0.8407271504402161 
v 0.9853267669677734 0.9618963003158569 -0.9940122961997986 
v 1.0000005960464478 0.840743362903595 -0.8407271504402161 
v 1.0000005960464478 0.0004889600095339119 1.2920916080474854 
v 0.9988267421722412 0.0004889600095339119 1.425018548965454 
v 0.6576096415519714 0.8837330937385559 1.3507710695266724 
v 0.5995010137557983 0.8837330937385559 1.3507710695266724 
v 0.6576096415519714 0.8632152676582336 1.3591537475585938 
v 0.5995010137557983 0.8632152676582336 1.3591537475585938 
v 0.6576096415519714 0.840743362903595 1.361548900604248 
v 0.5995010137557983 0.840743362903595 1.361548900604248 
v 0.5995010137557983 0.0004889600095339119 1.361548900604248 
v 0.6576096415519714 0.0004889600095339119 1.361548900604248 
v 0.6576096415519714 -0.8407424688339233 1.361548900604248 
v 0.5995010137557983 -0.8407424688339233 1.361548900604248 
v 0.5995010137557983 -0.863214373588562 1.3591537475585938 
v 0.6576096415519714 -0.863214373588562 1.3591537475585938 
v 0.5995010137557983 -0.883732259273529 1.3507710695266724 
v 0.6576096415519714 -0.883732259273529 1.3507710695266724 
v 0.6143705248832703 0.9745978116989136 1.4441791772842407 
v 0.6255227327346802 0.9618963003158569 1.4501668214797974 
v 0.6249357461929321 0.9745978116989136 1.4489692449569702 
v 0.637653112411499 0.9618963003158569 1.4513643980026245 
v 0.637653112411499 0.840743362903595 1.4513643980026245 
v 0.9618484973907471 0.9618963003158569 1.4513643980026245 
v 0.6141749024391174 0.9618963003158569 1.4453766345977783 
v 0.6255227327346802 0.840743362903595 1.4501668214797974 
v 0.6141749024391174 0.840743362903595 1.4453766345977783 
v 0.6255227327346802 0.0004889600095339119 1.4501668214797974 
v 0.6141749024391174 0.0004889600095339119 1.4453766345977783 
v 0.6141749024391174 -0.8407424688339233 1.4453766345977783 
v 0.6255227327346802 -0.8407424688339233 1.4501668214797974 
v 0.6141749024391174 -0.9618954658508301 1.4453766345977783 
v 0.6255227327346802 -0.9618954658508301 1.4501668214797974 
v 0.6143705248832703 -0.9745969772338867 1.4441791772842407 
v 0.6249357461929321 -0.9745969772338867 1.4489692449569702 
v 0.615935742855072 -0.9833903312683105 1.4405865669250488 
v 0.6253270506858826 -0.985344409942627 1.4441791772842407 
v 0.615935742855072 -0.9892525672912598 1.4345988035202026 
v 0.6253270506858826 -0.9921836853027344 1.436993956565857 
v 0.637653112411499 -0.985344409942627 1.4453766345977783 
v 0.637653112411499 -0.9941377639770508 1.436993956565857 
v 0.9618484973907471 -0.9941377639770508 1.436993956565857 
v 0.9618484973907471 -0.985344409942627 1.4453766345977783 
v 0.637653112411499 -0.9736199378967285 1.4501668214797974 
v 0.9618484973907471 -0.9736199378967285 1.4501668214797974 
v 0.637653112411499 -0.9618954658508301 1.4513643980026245 
v 0.9741745591163635 -0.985344409942627 1.4441791772842407 
v 0.974565863609314 -0.9745969772338867 1.4489692449569702 
v 0.9835658669471741 -0.9833903312683105 1.4405865669250488 
v 0.9851310849189758 -0.9745969772338867 1.4441791772842407 
v 0.9890441298484802 -0.9833903312683105 1.4345988035202026 
v 0.9925658702850342 -0.9745969772338867 1.436993956565857 
v 0.9853267669677734 -0.9618954658508301 1.4453766345977783 
v 0.9939354062080383 -0.9618954658508301 1.436993956565857 
v 0.9739789366722107 -0.9618954658508301 1.4501668214797974 
v 0.9618484973907471 -0.9618954658508301 1.4513643980026245 
v 0.637653112411499 -0.8407424688339233 1.4513643980026245 
v 0.637653112411499 0.0004889600095339119 1.4513643980026245 
v 0.9618484973907471 0.840743362903595 1.4513643980026245 
v 0.9739789366722107 0.840743362903595 1.4501668214797974 
v 0.9739789366722107 0.0004889600095339119 1.4501668214797974 
v 0.9618484973907471 0.0004889600095339119 1.4513643980026245 
v 0.9618484973907471 -0.8407424688339233 1.4513643980026245 
v 0.9739789366722107 -0.8407424688339233 1.4501668214797974 
v 0.9853267669677734 -0.8407424688339233 1.4453766345977783 
v 0.9853267669677734 0.0004889600095339119 1.4453766345977783 
v 0.9853267669677734 0.840743362903595 1.4453766345977783 
v 0.9739789366722107 0.9618963003158569 1.4501668214797974 
v 0.9853267669677734 0.9618963003158569 1.4453766345977783 
v 0.9851310849189758 0.9745978116989136 1.4441791772842407 
v 0.9925658702850342 0.9745978116989136 1.436993956565857 
v 0.9890441298484802 0.9833912253379822 1.4345988035202026 
v 0.9835658669471741 0.9833912253379822 1.4405865669250488 
v 0.974565863609314 0.9745978116989136 1.4489692449569702 
v 0.9939354062080383 0.9618963003158569 1.436993956565857 
v 0.9741745591163635 0.9853453040122986 1.4441791772842407 
v 0.9618484973907471 0.9736207723617554 1.4501668214797974 
v 0.637653112411499 0.9736207723617554 1.4501668214797974 
v 0.9618484973907471 0.9853453040122986 1.4453766345977783 
v 0.637653112411499 0.9853453040122986 1.4453766345977783 
v 0.6253270506858826 0.9853453040122986 1.4441791772842407 
v 0.6253270506858826 0.992184579372406 1.436993956565857 
v 0.637653112411499 0.9941386580467224 1.436993956565857 
v 0.9618484973907471 0.9941386580467224 1.436993956565857 
v 0.615935742855072 0.9833912253379822 1.4405865669250488 
v 0.615935742855072 0.9892534613609314 1.4345988035202026 
v 0.5995010137557983 0.9081591367721558 -0.8634804487228394 
v 0.5995010137557983 0.9101132154464722 -0.8407271504402161 
v 0.6576096415519714 0.9101132154464722 -0.8407271504402161 
v 0.5995010137557983 0.9101132154464722 1.2920916080474854 
v 0.6576096415519714 0.9101132154464722 1.2920916080474854 
v 0.6576096415519714 0.9081591367721558 1.3148448467254639 
v 0.5995010137557983 0.9081591367721558 1.3148448467254639 
v 0.6576096415519714 0.8993657827377319 1.3352030515670776 
v 0.5995010137557983 0.8993657827377319 1.3352030515670776 
v 0.6576096415519714 0.8837330937385559 1.3507710695266724 
v 0.5995010137557983 0.8837330937385559 1.3507710695266724 
v 0.6576096415519714 0.9081591367721558 -0.8634804487228394 
v 0.5995010137557983 0.8993657827377319 -0.8838385939598083 
v 0.6576096415519714 0.8993657827377319 -0.8838385939598083 
v 0.5995010137557983 0.8993657827377319 -0.8838385939598083 
v 0.6576096415519714 0.8993657827377319 -0.8838385939598083 
v 0.5995010137557983 0.8837330937385559 -0.8994066119194031 
v 0.6576096415519714 0.8837330937385559 -0.8994066119194031 
v 0.5995010137557983 0.8632152676582336 -0.907789409160614 
v 0.6576096415519714 0.8632152676582336 -0.907789409160614 
v 0.5995010137557983 0.840743362903595 -0.9101845026016235 
v 0.6576096415519714 0.840743362903595 -0.9101845026016235 
v 0.6576096415519714 0.0004889600095339119 -0.9101845026016235 
v 0.5995010137557983 0.0004889600095339119 -0.9101845026016235 
v 0.5995010137557983 -0.8407424688339233 -0.9101845026016235 
v 0.6576096415519714 -0.8407424688339233 -0.9101845026016235 
v 0.6576096415519714 -0.863214373588562 -0.907789409160614 
v 0.5995010137557983 -0.863214373588562 -0.907789409160614 
v 0.6576096415519714 -0.883732259273529 -0.8994066119194031 
v 0.5995010137557983 -0.883732259273529 -0.8994066119194031 
v 0.6576096415519714 -0.8993648886680603 -0.8838385939598083 
v 0.5995010137557983 -0.8993648886680603 -0.8838385939598083 
v 0.637653112411499 0.9618963003158569 -1 
v 0.637653112411499 0.9618963003158569 -0.9772467613220215 
v 0.637653112411499 0.840743362903595 -1 
v 0.637653112411499 0.840743362903595 -0.9772467613220215 
v 0.637653112411499 0.0004889600095339119 -1 
v 0.637653112411499 0.0004889600095339119 -0.9772467613220215 
v 0.637653112411499 -0.8407424688339233 -0.9772467613220215 
v 0.637653112411499 -0.8407424688339233 -1 
v 0.637653112411499 -0.9618954658508301 -0.9772467613220215 
v 0.637653112411499 -0.9618954658508301 -1 
v 0.6576096415519714 0.8778708577156067 -0.8395296335220337 
v 0.6576096415519714 0.8768938183784485 -0.8550976514816284 
v 0.6576096415519714 0.9101132154464722 -0.8407271504402161 
v 0.6576096415519714 0.9081591367721558 -0.8634804487228394 
v 0.6576096415519714 0.9101132154464722 1.2920916080474854 
v 0.6576096415519714 0.8778708577156067 1.2908940315246582 
v 0.6576096415519714 0.8768938183784485 1.306462049484253 
v 0.6576096415519714 0.8720086216926575 -0.8658755421638489 
v 0.6576096415519714 0.8993657827377319 -0.8838385939598083 
v 0.6576096415519714 0.86516934633255 -0.8718632459640503 
v 0.6576096415519714 0.8837330937385559 -0.8994066119194031 
v 0.6576096415519714 0.9081591367721558 1.3148448467254639 
v 0.6576096415519714 0.8993657827377319 1.3352030515670776 
v 0.6576096415519714 0.8720086216926575 1.3172398805618286 
v 0.6576096415519714 0.8837330937385559 1.3507710695266724 
v 0.6576096415519714 0.86516934633255 1.3232276439666748 
v 0.6576096415519714 0.8632152676582336 1.3591537475585938 
v 0.6576096415519714 0.855398952960968 1.3280177116394043 
v 0.6576096415519714 0.840743362903595 1.361548900604248 
v 0.6576096415519714 0.855398952960968 -0.8766533732414246 
v 0.6576096415519714 0.8397663235664368 1.3292152881622314 
v 0.6576096415519714 0.0004889600095339119 1.361548900604248 
v 0.6576096415519714 0.0004889600095339119 1.3292152881622314 
v 0.6576096415519714 -0.8397654294967651 1.3292152881622314 
v 0.6576096415519714 -0.8407424688339233 1.361548900604248 
v 0.6576096415519714 -0.8553980588912964 1.3280177116394043 
v 0.6576096415519714 -0.863214373588562 1.3591537475585938 
v 0.6576096415519714 -0.8651684522628784 1.3232276439666748 
v 0.6576096415519714 -0.883732259273529 1.3507710695266724 
v 0.6576096415519714 -0.8720077872276306 1.3172398805618286 
v 0.6576096415519714 -0.8993648886680603 1.3352030515670776 
v 0.6576096415519714 -0.8768929839134216 1.306462049484253 
v 0.6576096415519714 -0.9081582427024841 1.3148448467254639 
v 0.6576096415519714 -0.8778700232505798 1.2908940315246582 
v 0.6576096415519714 -0.9101123213768005 1.2920916080474854 
v 0.6576096415519714 -0.8778700232505798 -0.8395296335220337 
v 0.6576096415519714 -0.9101123213768005 -0.8407271504402161 
v 0.6576096415519714 0.8632152676582336 -0.907789409160614 
v 0.6576096415519714 0.8397663235664368 -0.8778509497642517 
v 0.6576096415519714 0.840743362903595 -0.9101845026016235 
v 0.6576096415519714 -0.8768929839134216 -0.8550976514816284 
v 0.6576096415519714 -0.8720077872276306 -0.8658755421638489 
v 0.6576096415519714 -0.8651684522628784 -0.8718632459640503 
v 0.6576096415519714 -0.8993648886680603 -0.8838385939598083 
v 0.6576096415519714 -0.883732259273529 -0.8994066119194031 
v 0.6576096415519714 -0.8553980588912964 -0.8766533732414246 
v 0.6576096415519714 -0.863214373588562 -0.907789409160614 
v 0.6576096415519714 -0.9081582427024841 -0.8634804487228394 
v 0.6576096415519714 -0.8397654294967651 -0.8778509497642517 
v 0.6576096415519714 0.0004889600095339119 -0.8778509497642517 
v 0.6576096415519714 -0.8407424688339233 -0.9101845026016235 
v 0.6576096415519714 0.0004889600095339119 -0.9101845026016235 
v 0.9618484973907471 0.9618963003158569 -0.9772467613220215 
v 0.9618484973907471 0.840743362903595 -0.9772467613220215 
v 0.637653112411499 0.9618963003158569 -0.9772467613220215 
v 0.637653112411499 0.840743362903595 -0.9772467613220215 
v 0.9618484973907471 0.0004889600095339119 -0.9772467613220215 
v 0.637653112411499 0.0004889600095339119 -0.9772467613220215 
v 0.637653112411499 -0.8407424688339233 -0.9772467613220215 
v 0.9618484973907471 -0.8407424688339233 -0.9772467613220215 
v 0.637653112411499 -0.9618954658508301 -0.9772467613220215 
v 0.9618484973907471 -0.9618954658508301 -0.9772467613220215 
v 0.9618484973907471 0.9618963003158569 -0.9772467613220215 
v 0.9618484973907471 0.9618963003158569 -1 
v 0.9618484973907471 0.840743362903595 -0.9772467613220215 
v 0.9618484973907471 0.840743362903595 -1 
v 0.9618484973907471 0.0004889600095339119 -0.9772467613220215 
v 0.9618484973907471 0.0004889600095339119 -1 
v 0.9618484973907471 -0.8407424688339233 -1 
v 0.9618484973907471 -0.8407424688339233 -0.9772467613220215 
v 0.9618484973907471 -0.9618954658508301 -1 
v 0.9618484973907471 -0.9618954658508301 -0.9772467613220215 
v 0.9618484973907471 0.9618963003158569 -1 
v 0.637653112411499 0.9618963003158569 -1 
v 0.9618484973907471 0.9618963003158569 -0.9772467613220215 
v 0.637653112411499 0.9618963003158569 -0.9772467613220215 
v 0.6576096415519714 -0.8993648886680603 -0.8838385939598083 
v 0.6576096415519714 -0.9081582427024841 -0.8634804487228394 
v 0.5995010137557983 -0.8993648886680603 -0.8838385939598083 
v 0.5995010137557983 -0.9081582427024841 -0.8634804487228394 
v 0.6576096415519714 -0.9101123213768005 -0.8407271504402161 
v 0.5995010137557983 -0.9101123213768005 -0.8407271504402161 
v 0.5995010137557983 -0.9101123213768005 1.2920916080474854 
v 0.6576096415519714 -0.9101123213768005 1.2920916080474854 
v 0.6576096415519714 -0.9081582427024841 1.3148448467254639 
v 0.5995010137557983 -0.9081582427024841 1.3148448467254639 
v 0.6576096415519714 -0.8993648886680603 1.3352030515670776 
v 0.5995010137557983 -0.8993648886680603 1.3352030515670776 
v 0.6576096415519714 -0.883732259273529 1.3507710695266724 
v 0.5995010137557983 -0.883732259273529 1.3507710695266724 
v 0.637653112411499 -0.9618954658508301 -0.9772467613220215 
v 0.9618484973907471 -0.9618954658508301 -0.9772467613220215 
v 0.637653112411499 -0.9618954658508301 -1 
v 0.9618484973907471 -0.9618954658508301 -1 
vn -0.999997615814209 -2.0682260971124217e-13 0.002184694167226553 
vn -0.999997615814209 -2.0682260971124217e-13 0.002184694167226553 
vn -0.9975318908691406 0.04906466603279114 0.05022686347365379 
vn -0.9987307190895081 0.003775716060772538 0.05022686347365379 
vn -0.999997615814209 -2.0682260971124217e-13 0.002184694167226553 
vn -0.999997615814209 -2.0682260971124217e-13 0.002184694167226553 
vn -0.9986006617546082 0.05283859372138977 0.002184694167226553 
vn -0.999997615814209 -2.0682260971124217e-13 0.002184694167226553 
vn -0.999997615814209 -2.0682260971124217e-13 0.002184694167226553 
vn -0.999997615814209 -2.0682260971124217e-13 0.002184694167226553 
vn -0.9986006617546082 0.05283859372138977 0.002184694167226553 
vn -0.999997615814209 -2.0682260971124217e-13 0.002184694167226553 
vn -0.9975318908691406 0.04906466603279114 -0.05022686347365379 
vn -0.9987307190895081 0.003775716060772538 -0.05022686347365379 
vn -0.999997615814209 -2.0682260971124217e-13 0.002184694167226553 
vn -0.999997615814209 -2.0682260971124217e-13 0.002184694167226553 
vn -0.999997615814209 -2.0682260971124217e-13 0.002184694167226553 
vn -0.9987307190895081 -0.003775716060772538 -0.05022686347365379 
vn -0.999997615814209 -2.0682260971124217e-13 0.002184694167226553 
vn -0.999997615814209 -2.0682260971124217e-13 0.002184694167226553 
vn -0.9987307190895081 0.003775716060772538 -0.05022686347365379 
vn -0.999997615814209 -2.0682260971124217e-13 0.002184694167226553 
vn -0.999997615814209 -2.0682260971124217e-13 0.002184694167226553 
vn -0.999997615814209 -2.0682260971124217e-13 0.002184694167226553 
vn -0.9975318908691406 -0.04906466603279114 -0.05022686347365379 
vn -0.9986006617546082 -0.05283859372138977 0.002184694167226553 
vn -0.999997615814209 -2.0682260971124217e-13 0.002184694167226553 
vn -0.9986006617546082 -0.05283859372138977 0.002184694167226553 
vn -0.999997615814209 -2.0682260971124217e-13 0.002184694167226553 
vn -0.999997615814209 -2.0682260971124217e-13 0.002184694167226553 
vn -0.999997615814209 -2.0682260971124217e-13 0.002184694167226553 
vn -0.9975318908691406 -0.04906466603279114 0.05022686347365379 
vn -0.999997615814209 -2.0682260971124217e-13 0.002184694167226553 
vn -0.999997615814209 -2.0682260971124217e-13 0.002184694167226553 
vn -0.999997615814209 -2.0682260971124217e-13 0.002184694167226553 
vn -0.9987307190895081 0.003775716060772538 0.05022686347365379 
vn -0.999997615814209 -2.0682260971124217e-13 0.002184694167226553 
vn -0.9987307190895081 -0.003775716060772538 0.05022686347365379 
vn -0.9686048626899719 -2.0032987855383988e-13 0.24860523641109467 
vn -0.9686048626899719 -2.0032987855383988e-13 0.24860523641109467 
vn -0.8297883868217468 -0.0037726121954619884 0.5580654144287109 
vn -0.9686048626899719 -2.0032987855383988e-13 0.24860523641109467 
vn -0.9671631455421448 -0.05282919108867645 0.24860523641109467 
vn -0.8297883868217468 -0.0037726121954619884 0.5580654144287109 
vn -0.5598642826080322 -0.003766364185139537 0.8285757899284363 
vn -0.8297883868217468 -0.0037726121954619884 0.5580654144287109 
vn -0.5598642826080322 -0.003766364185139537 0.8285757899284363 
vn -0.8283480405807495 0.049015577882528305 0.5580654144287109 
vn -0.5577372908592224 0.04890071228146553 0.8285757899284363 
vn -0.5495760440826416 0.23835702240467072 0.8007197380065918 
vn -0.8010261654853821 0.23448757827281952 0.5507928133010864 
vn -0.4941597878932953 0.4981565475463867 0.7124928832054138 
vn -0.7134585380554199 0.495989054441452 0.4949462115764618 
vn -0.9346237182617188 0.25010591745376587 0.25283506512641907 
vn -0.8009942770004272 0.5502409934997559 0.23588760197162628 
vn -0.999997615814209 -2.0682260971124217e-13 0.002184694167226553 
vn -0.999997615814209 -2.0682260971124217e-13 0.002184694167226553 
vn -0.9671631455421448 0.05282919108867645 0.24860523641109467 
vn -0.9666488170623779 0.25021982192993164 0.05459024757146835 
vn -0.8279207944869995 0.5585914254188538 0.05022686347365379 
vn -0.969104528427124 0.2466406375169754 0.002184694167226553 
vn -0.8272483348846436 0.5618321895599365 0.002184694167226553 
vn -0.969104528427124 0.2466406375169754 0.002184694167226553 
vn -0.8272483348846436 0.5618321895599365 0.002184694167226553 
vn -0.9666488170623779 0.25021982192993164 -0.05459024757146835 
vn -0.8279207944869995 0.5585914254188538 -0.05022686347365379 
vn -0.9346237182617188 0.25010591745376587 -0.25283506512641907 
vn -0.9671631455421448 0.05282919108867645 -0.24860523641109467 
vn -0.7998586893081665 0.23843947052955627 -0.5507928133010864 
vn -0.8281117677688599 0.05285748839378357 -0.5580654144287109 
vn -0.9686048626899719 -2.0032987855383988e-13 -0.24860523641109467 
vn -0.7108770608901978 0.4996819794178009 -0.4949462115764618 
vn -0.8009942770004272 0.5502409934997559 -0.23588760197162628 
vn -0.551795244216919 0.7999244332313538 -0.23588760197162628 
vn -0.5570254921913147 0.8289752006530762 -0.05022686347365379 
vn -0.49813634157180786 0.7119609713554382 -0.4949462115764618 
vn -0.8297969698905945 -1.7162118080837896e-13 -0.5580654144287109 
vn -0.9686048626899719 -2.0032987855383988e-13 -0.24860523641109467 
vn -0.8297969698905945 -1.7162118080837896e-13 -0.5580654144287109 
vn -0.8297969698905945 -1.7162118080837896e-13 -0.5580654144287109 
vn -0.9686048626899719 -2.0032987855383988e-13 -0.24860523641109467 
vn -0.8281117677688599 -0.05285748839378357 -0.5580654144287109 
vn -0.9671631455421448 -0.05282919108867645 -0.24860523641109467 
vn -0.7998586893081665 -0.23843947052955627 -0.5507928133010864 
vn -0.9346237182617188 -0.25010591745376587 -0.25283506512641907 
vn -0.7108770608901978 -0.4996819794178009 -0.4949462115764618 
vn -0.8009942770004272 -0.5502409934997559 -0.23588760197162628 
vn -0.49813634157180786 -0.7119609713554382 -0.4949462115764618 
vn -0.551795244216919 -0.7999244332313538 -0.23588760197162628 
vn -0.8279207944869995 -0.5585914254188538 -0.05022686347365379 
vn -0.5570254921913147 -0.8289752006530762 -0.05022686347365379 
vn -0.9666488170623779 -0.25021982192993164 -0.05459024757146835 
vn -0.8272483348846436 -0.5618321895599365 0.002184694167226553 
vn -0.969104528427124 -0.2466406375169754 0.002184694167226553 
vn -0.969104528427124 -0.2466406375169754 0.002184694167226553 
vn -0.9666488170623779 -0.25021982192993164 0.05459024757146835 
vn -0.9346237182617188 -0.25010591745376587 0.25283506512641907 
vn -0.8272483348846436 -0.5618321895599365 0.002184694167226553 
vn -0.8279207944869995 -0.5585914254188538 0.05022686347365379 
vn -0.8009942770004272 -0.5502409934997559 0.23588760197162628 
vn -0.7134585380554199 -0.495989054441452 0.4949462115764618 
vn -0.8010261654853821 -0.23448757827281952 0.5507928133010864 
vn -0.4941597878932953 -0.4981565475463867 0.7124928832054138 
vn -0.5495760440826416 -0.23835702240467072 0.8007197380065918 
vn -0.8283480405807495 -0.049015577882528305 0.5580654144287109 
vn -0.5577372908592224 -0.04890071228146553 0.8285757899284363 
vn -0.5598642826080322 -0.003766364185139537 0.8285757899284363 
vn 0.7130415439605713 0.4965883493423462 -0.4949462115764618 
vn 0.4950380325317383 0.7141187787055969 -0.4949462115764618 
vn 0.4954933524131775 0.49683016538619995 -0.7124928832054138 
vn 0.2388085424900055 0.5493800044059753 -0.8007197380065918 
vn 0.2550748586654663 0.25239986181259155 -0.933397650718689 
vn 0.05251387506723404 0.249481201171875 -0.9669547080993652 
vn 0.06718908995389938 0.06853850185871124 -0.9953833818435669 
vn 0.249481201171875 0.05251387506723404 -0.9669547080993652 
vn 0.5508755445480347 0.23533809185028076 -0.8007197380065918 
vn 0.5573743581771851 0.052877362817525864 -0.8285757899284363 
vn 0.23481625318527222 0.800929844379425 -0.5507928133010864 
vn 0.04722621664404869 0.5578815937042236 -0.8285757899284363 
vn -0.05099422112107277 0.557549774646759 -0.8285757899284363 
vn -0.05251387506723404 0.249481201171875 -0.9669547080993652 
vn -0.2388085424900055 0.5493800044059753 -0.8007197380065918 
vn -0.2550748586654663 0.25239986181259155 -0.933397650718689 
vn -0.06986082345247269 0.06581311672925949 -0.9953833818435669 
vn 0.04908653348684311 0.8283438086509705 -0.5580654144287109 
vn -0.04908653348684311 0.8283438086509705 -0.5580654144287109 
vn -0.4981633722782135 0.49415290355682373 -0.7124928832054138 
vn -0.1002550795674324 0.0037965194787830114 -0.994954526424408 
vn -0.1002550795674324 0.0037965194787830114 -0.994954526424408 
vn -0.24645960330963135 -0.0037772501818835735 -0.9691457152366638 
vn -0.24645960330963135 0.0037772501818835735 -0.9691457152366638 
vn -0.249481201171875 0.05251387506723404 -0.9669547080993652 
vn -0.1002550795674324 0.0037965194787830114 -0.994954526424408 
vn -0.24645960330963135 0.0037772501818835735 -0.9691457152366638 
vn -0.06986082345247269 -0.06581311672925949 -0.9953833818435669 
vn -0.5598641633987427 -0.003782563144341111 -0.8285757899284363 
vn -0.5598641633987427 -0.003782563144341111 -0.8285757899284363 
vn -0.5577188730239868 0.049110498279333115 -0.8285757899284363 
vn -0.5508755445480347 0.23533809185028076 -0.8007197380065918 
vn -0.7998586893081665 0.23843947052955627 -0.5507928133010864 
vn -0.7108770608901978 0.4996819794178009 -0.4949462115764618 
vn -0.49813634157180786 0.7119609713554382 -0.4949462115764618 
vn -0.8281117677688599 0.05285748839378357 -0.5580654144287109 
vn -0.8297969698905945 -1.7162118080837896e-13 -0.5580654144287109 
vn -0.8297969698905945 -1.7162118080837896e-13 -0.5580654144287109 
vn -0.5598641633987427 -0.003782563144341111 -0.8285757899284363 
vn -0.249481201171875 -0.05251387506723404 -0.9669547080993652 
vn -0.8297969698905945 -1.7162118080837896e-13 -0.5580654144287109 
vn -0.5577188730239868 -0.049110498279333115 -0.8285757899284363 
vn -0.8281117677688599 -0.05285748839378357 -0.5580654144287109 
vn -0.7998586893081665 -0.23843947052955627 -0.5507928133010864 
vn -0.5508755445480347 -0.23533809185028076 -0.8007197380065918 
vn -0.7108770608901978 -0.4996819794178009 -0.4949462115764618 
vn -0.4981633722782135 -0.49415290355682373 -0.7124928832054138 
vn -0.49813634157180786 -0.7119609713554382 -0.4949462115764618 
vn -0.2550748586654663 -0.25239986181259155 -0.933397650718689 
vn -0.2388085424900055 -0.5493800044059753 -0.8007197380065918 
vn -0.05251387506723404 -0.249481201171875 -0.9669547080993652 
vn -0.05099422112107277 -0.557549774646759 -0.8285757899284363 
vn 0.05251387506723404 -0.249481201171875 -0.9669547080993652 
vn 0.04722621664404869 -0.5578815937042236 -0.8285757899284363 
vn -0.04908653348684311 -0.8283438086509705 -0.5580654144287109 
vn 0.04908653348684311 -0.8283438086509705 -0.5580654144287109 
vn 0.23481625318527222 -0.800929844379425 -0.5507928133010864 
vn 0.2388085424900055 -0.5493800044059753 -0.8007197380065918 
vn 0.4950380325317383 -0.7141187787055969 -0.4949462115764618 
vn 0.4954933524131775 -0.49683016538619995 -0.7124928832054138 
vn 0.7130415439605713 -0.4965883493423462 -0.4949462115764618 
vn 0.06718908995389938 -0.06853850185871124 -0.9953833818435669 
vn 0.2550748586654663 -0.25239986181259155 -0.933397650718689 
vn 0.249481201171875 -0.05251387506723404 -0.9669547080993652 
vn 0.10032693296670914 0 -0.994954526424408 
vn 0.2464885413646698 0 -0.9691457152366638 
vn 0.10032693296670914 0 -0.994954526424408 
vn 0.2464885413646698 0 -0.9691457152366638 
vn 0.2464885413646698 0 -0.9691457152366638 
vn 0.5598769187927246 0 -0.8285757899284363 
vn 0.8281117677688599 0.05285748839378357 -0.5580654144287109 
vn 0.8297969698905945 0 -0.5580654144287109 
vn 0.5598769187927246 0 -0.8285757899284363 
vn 0.8297969698905945 0 -0.5580654144287109 
vn 0.8297969698905945 0 -0.5580654144287109 
vn 0.5598769187927246 0 -0.8285757899284363 
vn 0.8281117677688599 -0.05285748839378357 -0.5580654144287109 
vn 0.10032693296670914 0 -0.994954526424408 
vn 0.5573743581771851 -0.052877362817525864 -0.8285757899284363 
vn 0.5508755445480347 -0.23533809185028076 -0.8007197380065918 
vn 0.7134585380554199 0.495989054441452 0.4949462115764618 
vn 0.4968278706073761 0.49549561738967896 0.7124928832054138 
vn 0.495989054441452 0.7134585380554199 0.4949462115764618 
vn 0.2362973988056183 0.8004941344261169 0.5507928133010864 
vn 0.2331564575433731 0.5518024563789368 0.8007197380065918 
vn 0.0508984699845314 0.8282344937324524 0.5580654144287109 
vn 0.05077643319964409 0.557569682598114 0.8285757899284363 
vn 0.04905903339385986 0.9673616886138916 0.24860523641109467 
vn -0.04713243618607521 0.8284572958946228 0.5580654144287109 
vn -0.05659854784607887 0.9669498801231384 0.24860523641109467 
vn -0.2399134337902069 0.7994177937507629 0.5507928133010864 
vn -0.2519291639328003 0.9341338872909546 0.25283506512641907 
vn -0.495989054441452 0.7134585380554199 0.4949462115764618 
vn 0.2555727958679199 0.9331436157226562 0.25283506512641907 
vn 0.05095016211271286 0.9974374175071716 0.05022686347365379 
vn 0.24473421275615692 0.9680522084236145 0.05459024757146835 
vn 0.5486847162246704 0.802061140537262 0.23588760197162628 
vn 0.56015545129776 0.8268634676933289 0.05022686347365379 
vn -0.054720595479011536 0.9972376227378845 0.05022686347365379 
vn 0.8300266265869141 0.5554575324058533 0.05022686347365379 
vn 0.5618321895599365 0.8272483348846436 0.002184694167226553 
vn 0.2466406375169754 0.969104528427124 0.002184694167226553 
vn 0.05283859372138977 0.9986006617546082 0.002184694167226553 
vn 0.8272483348846436 0.5618321895599365 0.002184694167226553 
vn 0.5618321895599365 0.8272483348846436 0.002184694167226553 
vn 0.8272483348846436 0.5618321895599365 0.002184694167226553 
vn 0.56015545129776 0.8268634676933289 -0.05022686347365379 
vn 0.8300266265869141 0.5554575324058533 -0.05022686347365379 
vn 0.798851490020752 0.5533473491668701 -0.23588760197162628 
vn 0.5486847162246704 0.802061140537262 -0.23588760197162628 
vn 0.7130415439605713 0.4965883493423462 -0.4949462115764618 
vn 0.4950380325317383 0.7141187787055969 -0.4949462115764618 
vn 0.2555727958679199 0.9331436157226562 -0.25283506512641907 
vn 0.23481625318527222 0.800929844379425 -0.5507928133010864 
vn 0.24473421275615692 0.9680522084236145 -0.05459024757146835 
vn 0.2466406375169754 0.969104528427124 0.002184694167226553 
vn 0.05283859372138977 0.9986006617546082 0.002184694167226553 
vn 0.05095016211271286 0.9974374175071716 -0.05022686347365379 
vn 0.05659854784607887 0.9669498801231384 -0.24860523641109467 
vn 0.04908653348684311 0.8283438086509705 -0.5580654144287109 
vn -0.04905903339385986 0.9673616886138916 -0.24860523641109467 
vn -0.04908653348684311 0.8283438086509705 -0.5580654144287109 
vn -0.054720595479011536 0.9972376227378845 -0.05022686347365379 
vn -0.05283859372138977 0.9986006617546082 0.002184694167226553 
vn -0.05283859372138977 0.9986006617546082 0.002184694167226553 
vn -0.2466406375169754 0.969104528427124 0.002184694167226553 
vn -0.2466406375169754 0.969104528427124 0.002184694167226553 
vn -0.24839217960834503 0.9671200513839722 -0.05459024757146835 
vn -0.2519291639328003 0.9341338872909546 -0.25283506512641907 
vn -0.23481625318527222 0.800929844379425 -0.5507928133010864 
vn -0.2388085424900055 0.5493800044059753 -0.8007197380065918 
vn -0.05099422112107277 0.557549774646759 -0.8285757899284363 
vn -0.4981633722782135 0.49415290355682373 -0.7124928832054138 
vn -0.49813634157180786 0.7119609713554382 -0.4949462115764618 
vn -0.551795244216919 0.7999244332313538 -0.23588760197162628 
vn -0.5570254921913147 0.8289752006530762 -0.05022686347365379 
vn -0.5618321895599365 0.8272483348846436 0.002184694167226553 
vn -0.5618321895599365 0.8272483348846436 0.002184694167226553 
vn -0.24839217960834503 0.9671200513839722 0.05459024757146835 
vn -0.551795244216919 0.7999244332313538 0.23588760197162628 
vn -0.7134585380554199 0.495989054441452 0.4949462115764618 
vn -0.4941597878932953 0.4981565475463867 0.7124928832054138 
vn -0.8279207944869995 0.5585914254188538 -0.05022686347365379 
vn -0.8272483348846436 0.5618321895599365 0.002184694167226553 
vn -0.8272483348846436 0.5618321895599365 0.002184694167226553 
vn -0.5570254921913147 0.8289752006530762 0.05022686347365379 
vn -0.8279207944869995 0.5585914254188538 0.05022686347365379 
vn -0.8009942770004272 0.5502409934997559 0.23588760197162628 
vn 0.7134585380554199 -0.495989054441452 0.4949462115764618 
vn 0.4968278706073761 -0.49549561738967896 0.7124928832054138 
vn 0.495989054441452 -0.7134585380554199 0.4949462115764618 
vn 0.2362973988056183 -0.8004941344261169 0.5507928133010864 
vn 0.2331564575433731 -0.5518024563789368 0.8007197380065918 
vn 0.0508984699845314 -0.8282344937324524 0.5580654144287109 
vn 0.05077643319964409 -0.557569682598114 0.8285757899284363 
vn 0.04905903339385986 -0.9673616886138916 0.24860523641109467 
vn -0.04713243618607521 -0.8284572958946228 0.5580654144287109 
vn -0.05659854784607887 -0.9669498801231384 0.24860523641109467 
vn -0.2399134337902069 -0.7994177937507629 0.5507928133010864 
vn -0.2519291639328003 -0.9341338872909546 0.25283506512641907 
vn -0.495989054441452 -0.7134585380554199 0.4949462115764618 
vn 0.2555727958679199 -0.9331436157226562 0.25283506512641907 
vn 0.05095016211271286 -0.9974374175071716 0.05022686347365379 
vn 0.24473421275615692 -0.9680522084236145 0.05459024757146835 
vn 0.5486847162246704 -0.802061140537262 0.23588760197162628 
vn 0.56015545129776 -0.8268634676933289 0.05022686347365379 
vn -0.054720595479011536 -0.9972376227378845 0.05022686347365379 
vn -0.05283859372138977 -0.9986006617546082 0.002184694167226553 
vn -0.2466406375169754 -0.969104528427124 0.002184694167226553 
vn -0.24839217960834503 -0.9671200513839722 0.05459024757146835 
vn -0.551795244216919 -0.7999244332313538 0.23588760197162628 
vn -0.7134585380554199 -0.495989054441452 0.4949462115764618 
vn -0.4941597878932953 -0.4981565475463867 0.7124928832054138 
vn -0.8009942770004272 -0.5502409934997559 0.23588760197162628 
vn -0.5570254921913147 -0.8289752006530762 0.05022686347365379 
vn -0.8279207944869995 -0.5585914254188538 0.05022686347365379 
vn -0.8272483348846436 -0.5618321895599365 0.002184694167226553 
vn -0.5618321895599365 -0.8272483348846436 0.002184694167226553 
vn -0.5618321895599365 -0.8272483348846436 0.002184694167226553 
vn -0.8272483348846436 -0.5618321895599365 0.002184694167226553 
vn -0.8279207944869995 -0.5585914254188538 -0.05022686347365379 
vn -0.5570254921913147 -0.8289752006530762 -0.05022686347365379 
vn -0.2466406375169754 -0.969104528427124 0.002184694167226553 
vn -0.05283859372138977 -0.9986006617546082 0.002184694167226553 
vn 0.05283859372138977 -0.9986006617546082 0.002184694167226553 
vn -0.24839217960834503 -0.9671200513839722 -0.05459024757146835 
vn -0.551795244216919 -0.7999244332313538 -0.23588760197162628 
vn -0.2519291639328003 -0.9341338872909546 -0.25283506512641907 
vn -0.49813634157180786 -0.7119609713554382 -0.4949462115764618 
vn -0.23481625318527222 -0.800929844379425 -0.5507928133010864 
vn -0.4981633722782135 -0.49415290355682373 -0.7124928832054138 
vn -0.2388085424900055 -0.5493800044059753 -0.8007197380065918 
vn -0.04908653348684311 -0.8283438086509705 -0.5580654144287109 
vn -0.05099422112107277 -0.557549774646759 -0.8285757899284363 
vn -0.04905903339385986 -0.9673616886138916 -0.24860523641109467 
vn 0.04908653348684311 -0.8283438086509705 -0.5580654144287109 
vn 0.05659854784607887 -0.9669498801231384 -0.24860523641109467 
vn 0.23481625318527222 -0.800929844379425 -0.5507928133010864 
vn 0.2555727958679199 -0.9331436157226562 -0.25283506512641907 
vn 0.4950380325317383 -0.7141187787055969 -0.4949462115764618 
vn 0.5486847162246704 -0.802061140537262 -0.23588760197162628 
vn 0.7130415439605713 -0.4965883493423462 -0.4949462115764618 
vn 0.798851490020752 -0.5533473491668701 -0.23588760197162628 
vn 0.56015545129776 -0.8268634676933289 -0.05022686347365379 
vn 0.8300266265869141 -0.5554575324058533 -0.05022686347365379 
vn 0.8272483348846436 -0.5618321895599365 0.002184694167226553 
vn 0.5618321895599365 -0.8272483348846436 0.002184694167226553 
vn 0.8272483348846436 -0.5618321895599365 0.002184694167226553 
vn 0.5618321895599365 -0.8272483348846436 0.002184694167226553 
vn 0.8300266265869141 -0.5554575324058533 0.05022686347365379 
vn 0.2466406375169754 -0.969104528427124 0.002184694167226553 
vn 0.05283859372138977 -0.9986006617546082 0.002184694167226553 
vn -0.054720595479011536 -0.9972376227378845 -0.05022686347365379 
vn 0.05095016211271286 -0.9974374175071716 -0.05022686347365379 
vn 0.2466406375169754 -0.969104528427124 0.002184694167226553 
vn 0.24473421275615692 -0.9680522084236145 -0.05459024757146835 
vn 0.7999579906463623 0.23810602724552155 0.5507928133010864 
vn 0.9671631455421448 0.05282919108867645 0.24860523641109467 
vn 0.9336405396461487 0.2537514567375183 0.25283506512641907 
vn 0.9973393082618713 0.05283547192811966 0.05022686347365379 
vn 0.9675878882408142 0.2465636432170868 0.05459024757146835 
vn 0.969104528427124 0.2466406375169754 0.002184694167226553 
vn 0.9986006617546082 0.05283859372138977 0.002184694167226553 
vn 0.9987378120422363 0 0.05022686347365379 
vn 0.56015545129776 0.8268634676933289 0.05022686347365379 
vn 0.5486847162246704 0.802061140537262 0.23588760197162628 
vn 0.8300266265869141 0.5554575324058533 0.05022686347365379 
vn 0.798851490020752 0.5533473491668701 0.23588760197162628 
vn 0.7134585380554199 0.495989054441452 0.4949462115764618 
vn 0.495989054441452 0.7134585380554199 0.4949462115764618 
vn 0.8272483348846436 0.5618321895599365 0.002184694167226553 
vn 0.8272483348846436 0.5618321895599365 0.002184694167226553 
vn 0.969104528427124 0.2466406375169754 0.002184694167226553 
vn 0.8300266265869141 0.5554575324058533 -0.05022686347365379 
vn 0.9675878882408142 0.2465636432170868 -0.05459024757146835 
vn 0.798851490020752 0.5533473491668701 -0.23588760197162628 
vn 0.9986006617546082 0.05283859372138977 0.002184694167226553 
vn 0.999997615814209 0 0.002184694167226553 
vn 0.9987378120422363 0 0.05022686347365379 
vn 0.9686048626899719 0 0.24860523641109467 
vn 0.8281165957450867 0.05278109759092331 0.5580654144287109 
vn 0.8297969698905945 0 0.5580654144287109 
vn 0.5573957562446594 0.052651576697826385 0.8285757899284363 
vn 0.5598769187927246 0 0.8285757899284363 
vn 0.8297969698905945 0 0.5580654144287109 
vn 0.5598769187927246 0 0.8285757899284363 
vn 0.5598769187927246 0 0.8285757899284363 
vn 0.8297969698905945 0 0.5580654144287109 
vn 0.5573957562446594 -0.052651576697826385 0.8285757899284363 
vn 0.8281165957450867 -0.05278109759092331 0.5580654144287109 
vn 0.9686048626899719 0 0.24860523641109467 
vn 0.9671631455421448 -0.05282919108867645 0.24860523641109467 
vn 0.7999579906463623 -0.23810602724552155 0.5507928133010864 
vn 0.9336405396461487 -0.2537514567375183 0.25283506512641907 
vn 0.7134585380554199 -0.495989054441452 0.4949462115764618 
vn 0.798851490020752 -0.5533473491668701 0.23588760197162628 
vn 0.495989054441452 -0.7134585380554199 0.4949462115764618 
vn 0.5486847162246704 -0.802061140537262 0.23588760197162628 
vn 0.8300266265869141 -0.5554575324058533 0.05022686347365379 
vn 0.56015545129776 -0.8268634676933289 0.05022686347365379 
vn 0.9675878882408142 -0.2465636432170868 0.05459024757146835 
vn 0.9973393082618713 -0.05283547192811966 0.05022686347365379 
vn 0.8272483348846436 -0.5618321895599365 0.002184694167226553 
vn 0.969104528427124 -0.2466406375169754 0.002184694167226553 
vn 0.8272483348846436 -0.5618321895599365 0.002184694167226553 
vn 0.969104528427124 -0.2466406375169754 0.002184694167226553 
vn 0.8300266265869141 -0.5554575324058533 -0.05022686347365379 
vn 0.9986006617546082 -0.05283859372138977 0.002184694167226553 
vn 0.9987378120422363 0 0.05022686347365379 
vn 0.999997615814209 0 0.002184694167226553 
vn 0.9986006617546082 -0.05283859372138977 0.002184694167226553 
vn 0.9675878882408142 -0.2465636432170868 -0.05459024757146835 
vn 0.798851490020752 -0.5533473491668701 -0.23588760197162628 
vn 0.9336405396461487 -0.2537514567375183 -0.25283506512641907 
vn 0.7130415439605713 -0.4965883493423462 -0.4949462115764618 
vn 0.7998586893081665 -0.23843947052955627 -0.5507928133010864 
vn 0.4954933524131775 -0.49683016538619995 -0.7124928832054138 
vn 0.5508755445480347 -0.23533809185028076 -0.8007197380065918 
vn 0.8281117677688599 -0.05285748839378357 -0.5580654144287109 
vn 0.5573743581771851 -0.052877362817525864 -0.8285757899284363 
vn 0.9671631455421448 -0.05282919108867645 -0.24860523641109467 
vn 0.9973393082618713 -0.05283547192811966 -0.05022686347365379 
vn 0.999997615814209 0 0.002184694167226553 
vn 0.8297969698905945 0 -0.5580654144287109 
vn 0.9686048626899719 0 -0.24860523641109467 
vn 0.8297969698905945 0 -0.5580654144287109 
vn 0.9686048626899719 0 -0.24860523641109467 
vn 0.9686048626899719 0 -0.24860523641109467 
vn 0.8297969698905945 0 -0.5580654144287109 
vn 0.9671631455421448 0.05282919108867645 -0.24860523641109467 
vn 0.8281117677688599 0.05285748839378357 -0.5580654144287109 
vn 0.7998586893081665 0.23843947052955627 -0.5507928133010864 
vn 0.5508755445480347 0.23533809185028076 -0.8007197380065918 
vn 0.4954933524131775 0.49683016538619995 -0.7124928832054138 
vn 0.7130415439605713 0.4965883493423462 -0.4949462115764618 
vn 0.9336405396461487 0.2537514567375183 -0.25283506512641907 
vn 0.9973393082618713 0.05283547192811966 -0.05022686347365379 
vn 0.9987378120422363 0 -0.05022686347365379 
vn 0.9987378120422363 0 -0.05022686347365379 
vn 0.9987378120422363 0 -0.05022686347365379 
vn 0.999997615814209 0 0.002184694167226553 
vn 0.5573743581771851 0.052877362817525864 -0.8285757899284363 
vn 0.999997615814209 0 0.002184694167226553 
vn 0.999997615814209 0 0.002184694167226553 
vn 0.9686048626899719 0 0.24860523641109467 
vn 0.0018912923987954855 -0.5598737597465515 -0.8285757899284363 
vn 0.0018912923987954855 -0.5598737597465515 -0.8285757899284363 
vn 0.0018886805046349764 -0.24648131430149078 -0.9691457152366638 
vn 0.0018886805046349764 -0.24648131430149078 -0.9691457152366638 
vn 1.488382747399323e-14 -0.048044804483652115 -0.9988451600074768 
vn 1.488382747399323e-14 -0.048044804483652115 -0.9988451600074768 
vn -2.0682311115474694e-13 0 -1 
vn -2.0682311115474694e-13 0 -1 
vn -4.968388219150346e-15 0.048044804483652115 -0.9988451600074768 
vn -4.968388219150346e-15 0.048044804483652115 -0.9988451600074768 
vn 0.0018886805046349764 0.24648131430149078 -0.9691457152366638 
vn 0.0018886805046349764 0.24648131430149078 -0.9691457152366638 
vn 0.0018912923987954855 0.5598737597465515 -0.8285757899284363 
vn 0.0018912923987954855 0.5598737597465515 -0.8285757899284363 
vn -0.5495760440826416 0.23835702240467072 0.8007197380065918 
vn -0.24873416125774384 0.05594544857740402 0.9669547080993652 
vn -0.2510698437690735 0.25638410449028015 0.933397650718689 
vn -0.05440078675746918 0.0504765510559082 0.9972425103187561 
vn -0.04790383204817772 0.003677794011309743 0.9988451600074768 
vn 0.05181711167097092 0.05312545970082283 0.9972425103187561 
vn -0.5577372908592224 0.04890071228146553 0.8285757899284363 
vn -0.2464885413646698 -5.097952835157911e-14 0.9691457152366638 
vn -0.5598642826080322 -0.003766364185139537 0.8285757899284363 
vn -0.2464885413646698 -5.097952835157911e-14 0.9691457152366638 
vn -0.5598642826080322 -0.003766364185139537 0.8285757899284363 
vn -0.5598642826080322 -0.003766364185139537 0.8285757899284363 
vn -0.2464885413646698 -5.097952835157911e-14 0.9691457152366638 
vn -0.5577372908592224 -0.04890071228146553 0.8285757899284363 
vn -0.24873416125774384 -0.05594544857740402 0.9669547080993652 
vn -0.5495760440826416 -0.23835702240467072 0.8007197380065918 
vn -0.2510698437690735 -0.25638410449028015 0.933397650718689 
vn -0.4941597878932953 -0.4981565475463867 0.7124928832054138 
vn -0.23662583529949188 -0.5503236651420593 0.8007197380065918 
vn -0.495989054441452 -0.7134585380554199 0.4949462115764618 
vn -0.2399134337902069 -0.7994177937507629 0.5507928133010864 
vn -0.0470244400203228 -0.5578986406326294 0.8285757899284363 
vn -0.04713243618607521 -0.8284572958946228 0.5580654144287109 
vn 0.0508984699845314 -0.8282344937324524 0.5580654144287109 
vn 0.05077643319964409 -0.557569682598114 0.8285757899284363 
vn -0.05042923986911774 -0.24991092085838318 0.9669547080993652 
vn 0.05410962179303169 -0.2491399645805359 0.9669547080993652 
vn -0.05440078675746918 -0.0504765510559082 0.9972425103187561 
vn 0.2331564575433731 -0.5518024563789368 0.8007197380065918 
vn 0.25638410449028015 -0.2510698437690735 0.933397650718689 
vn 0.4968278706073761 -0.49549561738967896 0.7124928832054138 
vn 0.5510658025741577 -0.23489230871200562 0.8007197380065918 
vn 0.7134585380554199 -0.495989054441452 0.4949462115764618 
vn 0.7999579906463623 -0.23810602724552155 0.5507928133010864 
vn 0.5573957562446594 -0.052651576697826385 0.8285757899284363 
vn 0.8281165957450867 -0.05278109759092331 0.5580654144287109 
vn 0.24953222274780273 -0.05227085202932358 0.9669547080993652 
vn 0.05181711167097092 -0.05312545970082283 0.9972425103187561 
vn -0.04790383204817772 0.003677794011309743 0.9988451600074768 
vn -0.04790383204817772 -0.003677794011309743 0.9988451600074768 
vn 0.048044804483652115 0 0.9988451600074768 
vn 0.2464885413646698 0 0.9691457152366638 
vn 0.2464885413646698 0 0.9691457152366638 
vn 0.048044804483652115 0 0.9988451600074768 
vn 0.048044804483652115 0 0.9988451600074768 
vn 0.2464885413646698 0 0.9691457152366638 
vn 0.5598769187927246 0 0.8285757899284363 
vn 0.5598769187927246 0 0.8285757899284363 
vn 0.5598769187927246 0 0.8285757899284363 
vn 0.24953222274780273 0.05227085202932358 0.9669547080993652 
vn 0.5573957562446594 0.052651576697826385 0.8285757899284363 
vn 0.5510658025741577 0.23489230871200562 0.8007197380065918 
vn 0.7999579906463623 0.23810602724552155 0.5507928133010864 
vn 0.7134585380554199 0.495989054441452 0.4949462115764618 
vn 0.4968278706073761 0.49549561738967896 0.7124928832054138 
vn 0.25638410449028015 0.2510698437690735 0.933397650718689 
vn 0.8281165957450867 0.05278109759092331 0.5580654144287109 
vn 0.2331564575433731 0.5518024563789368 0.8007197380065918 
vn 0.05410962179303169 0.2491399645805359 0.9669547080993652 
vn -0.05042923986911774 0.24991092085838318 0.9669547080993652 
vn 0.05077643319964409 0.557569682598114 0.8285757899284363 
vn -0.0470244400203228 0.5578986406326294 0.8285757899284363 
vn -0.23662583529949188 0.5503236651420593 0.8007197380065918 
vn -0.2399134337902069 0.7994177937507629 0.5507928133010864 
vn -0.04713243618607521 0.8284572958946228 0.5580654144287109 
vn 0.0508984699845314 0.8282344937324524 0.5580654144287109 
vn -0.4941597878932953 0.4981565475463867 0.7124928832054138 
vn -0.495989054441452 0.7134585380554199 0.4949462115764618 
vn 0.0037753775250166655 -0.9685975313186646 0.24860523641109467 
vn -0.001887861406430602 -0.9987360239028931 0.05022686347365379 
vn -0.001887861406430602 -0.9987360239028931 0.05022686347365379 
vn -0.001887861406430602 -0.9987360239028931 -0.05022686347365379 
vn -0.001887861406430602 -0.9987360239028931 -0.05022686347365379 
vn 0.0037753775250166655 -0.9685975313186646 -0.24860523641109467 
vn 0.0037753775250166655 -0.9685975313186646 -0.24860523641109467 
vn 0.0037780797574669123 -0.829788327217102 -0.5580654144287109 
vn 0.0037780797574669123 -0.829788327217102 -0.5580654144287109 
vn 0.0018912923987954855 -0.5598737597465515 -0.8285757899284363 
vn 0.0018912923987954855 -0.5598737597465515 -0.8285757899284363 
vn 0.0037753775250166655 -0.9685975313186646 0.24860523641109467 
vn -0.001886310987174511 -0.8297948241233826 0.5580654144287109 
vn -0.001886310987174511 -0.8297948241233826 0.5580654144287109 
vn -0.001886310987174511 -0.8297948241233826 0.5580654144287109 
vn -0.001886310987174511 -0.8297948241233826 0.5580654144287109 
vn -0.0018831926863640547 -0.5598737597465515 0.8285757899284363 
vn -0.0018831926863640547 -0.5598737597465515 0.8285757899284363 
vn 0.0037589154671877623 -0.24645988643169403 0.9691457152366638 
vn 0.0037589154671877623 -0.24645988643169403 0.9691457152366638 
vn 0.001840247423388064 -0.04800954833626747 0.9988451600074768 
vn 0.001840247423388064 -0.04800954833626747 0.9988451600074768 
vn 0 0 1 
vn 0 0 1 
vn 0.001840247423388064 0.04800954833626747 0.9988451600074768 
vn 0.001840247423388064 0.04800954833626747 0.9988451600074768 
vn 0.0037589154671877623 0.24645988643169403 0.9691457152366638 
vn 0.0037589154671877623 0.24645988643169403 0.9691457152366638 
vn -0.0018831926863640547 0.5598737597465515 0.8285757899284363 
vn -0.0018831926863640547 0.5598737597465515 0.8285757899284363 
vn -0.001886310987174511 0.8297948241233826 0.5580654144287109 
vn -0.001886310987174511 0.8297948241233826 0.5580654144287109 
vn 0.999997615814209 0 0.002184694167226553 
vn 0.999997615814209 0 0.002184694167226553 
vn 0.999997615814209 0 0.002184694167226553 
vn 0.999997615814209 0 0.002184694167226553 
vn 0.999997615814209 0 0.002184694167226553 
vn 0.999997615814209 0 0.002184694167226553 
vn 0.999997615814209 0 0.002184694167226553 
vn 0.999997615814209 0 0.002184694167226553 
vn 0.999997615814209 0 0.002184694167226553 
vn 0.999997615814209 0 0.002184694167226553 
vn -0.999997615814209 -2.0682260971124217e-13 0.002184694167226553 
vn -0.999997615814209 -2.0682260971124217e-13 0.002184694167226553 
vn -0.999997615814209 -2.0682260971124217e-13 0.002184694167226553 
vn -0.999997615814209 -2.0682260971124217e-13 0.002184694167226553 
vn -0.999997615814209 -2.0682260971124217e-13 0.002184694167226553 
vn -0.999997615814209 -2.0682260971124217e-13 0.002184694167226553 
vn -0.999997615814209 -2.0682260971124217e-13 0.002184694167226553 
vn -0.999997615814209 -2.0682260971124217e-13 0.002184694167226553 
vn -0.999997615814209 -2.0682260971124217e-13 0.002184694167226553 
vn -0.999997615814209 -2.0682260971124217e-13 0.002184694167226553 
vn -0.999997615814209 -2.0682260971124217e-13 0.002184694167226553 
vn -0.999997615814209 -2.0682260971124217e-13 0.002184694167226553 
vn -0.999997615814209 -2.0682260971124217e-13 0.002184694167226553 
vn -0.999997615814209 -2.0682260971124217e-13 0.002184694167226553 
vn -0.999997615814209 -2.0682260971124217e-13 0.002184694167226553 
vn -0.999997615814209 -2.0682260971124217e-13 0.002184694167226553 
vn -0.999997615814209 -2.0682260971124217e-13 0.002184694167226553 
vn -0.999997615814209 -2.0682260971124217e-13 0.002184694167226553 
vn -0.999997615814209 -2.0682260971124217e-13 0.002184694167226553 
vn -0.999997615814209 -2.0682260971124217e-13 0.002184694167226553 
vn -0.999997615814209 -2.0682260971124217e-13 0.002184694167226553 
vn -0.999997615814209 -2.0682260971124217e-13 0.002184694167226553 
vn -0.999997615814209 -2.0682260971124217e-13 0.002184694167226553 
vn -0.999997615814209 -2.0682260971124217e-13 0.002184694167226553 
vn -0.999997615814209 -2.0682260971124217e-13 0.002184694167226553 
vn -0.999997615814209 -2.0682260971124217e-13 0.002184694167226553 
vn -0.999997615814209 -2.0682260971124217e-13 0.002184694167226553 
vn -0.999997615814209 -2.0682260971124217e-13 0.002184694167226553 
vn -0.999997615814209 -2.0682260971124217e-13 0.002184694167226553 
vn -0.999997615814209 -2.0682260971124217e-13 0.002184694167226553 
vn -0.999997615814209 -2.0682260971124217e-13 0.002184694167226553 
vn -0.999997615814209 -2.0682260971124217e-13 0.002184694167226553 
vn -0.999997615814209 -2.0682260971124217e-13 0.002184694167226553 
vn -0.999997615814209 -2.0682260971124217e-13 0.002184694167226553 
vn -0.999997615814209 -2.0682260971124217e-13 0.002184694167226553 
vn -0.999997615814209 -2.0682260971124217e-13 0.002184694167226553 
vn -0.999997615814209 -2.0682260971124217e-13 0.002184694167226553 
vn -0.999997615814209 -2.0682260971124217e-13 0.002184694167226553 
vn -0.999997615814209 -2.0682260971124217e-13 0.002184694167226553 
vn -0.999997615814209 -2.0682260971124217e-13 0.002184694167226553 
vn -0.999997615814209 -2.0682260971124217e-13 0.002184694167226553 
vn -0.999997615814209 -2.0682260971124217e-13 0.002184694167226553 
vn -0.999997615814209 -2.0682260971124217e-13 0.002184694167226553 
vn -0.999997615814209 -2.0682260971124217e-13 0.002184694167226553 
vn -0.999997615814209 -2.0682260971124217e-13 0.002184694167226553 
vn -0.999997615814209 -2.0682260971124217e-13 0.002184694167226553 
vn -0.999997615814209 -2.0682260971124217e-13 0.002184694167226553 
vn -0.999997615814209 -2.0682260971124217e-13 0.002184694167226553 
vn -0.999997615814209 -2.0682260971124217e-13 0.002184694167226553 
vn -0.999997615814209 -2.0682260971124217e-13 0.002184694167226553 
vn -0.999997615814209 -2.0682260971124217e-13 0.002184694167226553 
vn -0.999997615814209 -2.0682260971124217e-13 0.002184694167226553 
vn -2.0682311115474694e-13 0 -1 
vn -2.0682311115474694e-13 0 -1 
vn -2.0682311115474694e-13 0 -1 
vn -2.0682311115474694e-13 0 -1 
vn -2.0682311115474694e-13 0 -1 
vn -2.0682311115474694e-13 0 -1 
vn -2.0682311115474694e-13 0 -1 
vn -2.0682311115474694e-13 0 -1 
vn -2.0682311115474694e-13 0 -1 
vn -2.0682311115474694e-13 0 -1 
vn -0.999997615814209 -2.0682260971124217e-13 0.002184694167226553 
vn -0.999997615814209 -2.0682260971124217e-13 0.002184694167226553 
vn -0.999997615814209 -2.0682260971124217e-13 0.002184694167226553 
vn -0.999997615814209 -2.0682260971124217e-13 0.002184694167226553 
vn -0.999997615814209 -2.0682260971124217e-13 0.002184694167226553 
vn -0.999997615814209 -2.0682260971124217e-13 0.002184694167226553 
vn -0.999997615814209 -2.0682260971124217e-13 0.002184694167226553 
vn -0.999997615814209 -2.0682260971124217e-13 0.002184694167226553 
vn -0.999997615814209 -2.0682260971124217e-13 0.002184694167226553 
vn -0.999997615814209 -2.0682260971124217e-13 0.002184694167226553 
vn 3.097898456858039e-13 -0.999997615814209 0.002184694167226553 
vn 3.097898456858039e-13 -0.999997615814209 0.002184694167226553 
vn 3.097898456858039e-13 -0.999997615814209 0.002184694167226553 
vn 3.097898456858039e-13 -0.999997615814209 0.002184694167226553 
vn -0.001886310987174511 0.8297948241233826 0.5580654144287109 
vn 0.0037753775250166655 0.9685975313186646 0.24860523641109467 
vn -0.001886310987174511 0.8297948241233826 0.5580654144287109 
vn 0.0037753775250166655 0.9685975313186646 0.24860523641109467 
vn -0.001887861406430602 0.9987360239028931 0.05022686347365379 
vn -0.001887861406430602 0.9987360239028931 0.05022686347365379 
vn -0.001887861406430602 0.9987360239028931 -0.05022686347365379 
vn -0.001887861406430602 0.9987360239028931 -0.05022686347365379 
vn 0.0037753775250166655 0.9685975313186646 -0.24860523641109467 
vn 0.0037753775250166655 0.9685975313186646 -0.24860523641109467 
vn 0.0037780797574669123 0.829788327217102 -0.5580654144287109 
vn 0.0037780797574669123 0.829788327217102 -0.5580654144287109 
vn 0.0018912923987954855 0.5598737597465515 -0.8285757899284363 
vn 0.0018912923987954855 0.5598737597465515 -0.8285757899284363 
vn -1.0341130485562108e-13 0.999997615814209 0.002184694167226553 
vn -1.0341130485562108e-13 0.999997615814209 0.002184694167226553 
vn -1.0341130485562108e-13 0.999997615814209 0.002184694167226553 
vn -1.0341130485562108e-13 0.999997615814209 0.002184694167226553 
vt 0.44573232531547546 0.018118349835276604 
vt 0.45037156343460083 0.017635194584727287 
vt 0.4249778985977173 0.006764184217900038 
vt 0.45037156343460083 0.006764184217900038 
vt 0.4414593577384949 0.01993018575012684 
vt 0.43816307187080383 0.023191487416625023 
vt 0.4249778985977173 0.03212987259030342 
vt 0.43633177876472473 0.027539892122149467 
vt 0.43584343791007996 0.03212987259030342 
vt 0.43584343791007996 0.4811025857925415 
vt 0.4249778985977173 0.4811025857925415 
vt 0.43816307187080383 0.49004098773002625 
vt 0.4249778985977173 0.5064682960510254 
vt 0.45037156343460083 0.5064682960510254 
vt 0.4414593577384949 0.49330228567123413 
vt 0.44573232531547546 0.49511411786079407 
vt 0.45037156343460083 0.4955972731113434 
vt 0.6273947954177856 0.5064682960510254 
vt 0.6273947954177856 0.4955972731113434 
vt 0.8042959570884705 0.4955972731113434 
vt 0.8042959570884705 0.5064682960510254 
vt 0.8090572953224182 0.49511411786079407 
vt 0.8133302927017212 0.49330228567123413 
vt 0.8166265487670898 0.49004098773002625 
vt 0.8296896815299988 0.5064682960510254 
vt 0.8296896815299988 0.4811025857925415 
vt 0.8189461827278137 0.4811025857925415 
vt 0.8296896815299988 0.03212987259030342 
vt 0.8189461827278137 0.03212987259030342 
vt 0.818457841873169 0.027539892122149467 
vt 0.8166265487670898 0.023191487416625023 
vt 0.8296896815299988 0.006764184217900038 
vt 0.8133302927017212 0.01993018575012684 
vt 0.8090572953224182 0.018118349835276604 
vt 0.8042959570884705 0.017635194584727287 
vt 0.8042959570884705 0.006764184217900038 
vt 0.6273947954177856 0.017635194584727287 
vt 0.6273947954177856 0.006764184217900038 
vt 0.6273947954177856 0.004227614961564541 
vt 0.45037156343460083 0.004227614961564541 
vt 0.6273947954177856 0.0018118349835276604 
vt 0.8042959570884705 0.004227614961564541 
vt 0.8296896815299988 0.004227614961564541 
vt 0.8042959570884705 0.0018118349835276604 
vt 0.6273947954177856 0 
vt 0.45037156343460083 0.0018118349835276604 
vt 0.45037156343460083 0 
vt 0.4249778985977173 0.0018118349835276604 
vt 0.4249778985977173 0 
vt 0.422414094209671 0.000362366990884766 
vt 0.422414094209671 0.0018118349835276604 
vt 0.4204607307910919 0.0010871009435504675 
vt 0.4204607307910919 0.002174201887100935 
vt 0.422414094209671 0.004106826148927212 
vt 0.42009449005126953 0.004227614961564541 
vt 0.43633177876472473 0.48569256067276 
vt 0.818457841873169 0.48569256067276 
vt 0.4249778985977173 0.004227614961564541 
vt 0.422414094209671 0.006764184217900038 
vt 0.42009449005126953 0.006764184217900038 
vt 0.422414094209671 0.03212987259030342 
vt 0.42009449005126953 0.03212987259030342 
vt 0.422414094209671 0.4811025857925415 
vt 0.42009449005126953 0.4811025857925415 
vt 0.422414094209671 0.5064682960510254 
vt 0.42009449005126953 0.5064682960510254 
vt 0.422292023897171 0.5091256499290466 
vt 0.4249778985977173 0.5090048313140869 
vt 0.422414094209671 0.5114206075668335 
vt 0.4249778985977173 0.5114206075668335 
vt 0.45037156343460083 0.5090048313140869 
vt 0.4204607307910919 0.5110582709312439 
vt 0.42009449005126953 0.5090048313140869 
vt 0.4185073673725128 0.5090048313140869 
vt 0.41826319694519043 0.5064682960510254 
vt 0.41923987865448 0.5110582709312439 
vt 0.45037156343460083 0.5114206075668335 
vt 0.6273947954177856 0.5090048313140869 
vt 0.6273947954177856 0.5114206075668335 
vt 0.8042959570884705 0.5114206075668335 
vt 0.8042959570884705 0.5090048313140869 
vt 0.8296896815299988 0.5114206075668335 
vt 0.8296896815299988 0.5090048313140869 
vt 0.8323755264282227 0.5114206075668335 
vt 0.8323755264282227 0.5091256499290466 
vt 0.8343288898468018 0.5110582709312439 
vt 0.8346951603889465 0.5090048313140869 
vt 0.8354276418685913 0.5110582709312439 
vt 0.8361601829528809 0.5090048313140869 
vt 0.8346951603889465 0.5064682960510254 
vt 0.8365263938903809 0.5064682960510254 
vt 0.8323755264282227 0.5064682960510254 
vt 0.8346951603889465 0.4811025857925415 
vt 0.8323755264282227 0.4811025857925415 
vt 0.8323755264282227 0.03212987259030342 
vt 0.8323755264282227 0.006764184217900038 
vt 0.8323755264282227 0.004106826148927212 
vt 0.8346951603889465 0.03212987259030342 
vt 0.8346951603889465 0.006764184217900038 
vt 0.8346951603889465 0.004227614961564541 
vt 0.8343288898468018 0.002174201887100935 
vt 0.8323755264282227 0.0018118349835276604 
vt 0.8343288898468018 0.0010871009435504675 
vt 0.8323755264282227 0.000362366990884766 
vt 0.8296896815299988 0.0018118349835276604 
vt 0.8296896815299988 0 
vt 0.8042959570884705 0 
vt 0.8375030755996704 0.5154066681861877 
vt 0.8387239575386047 0.5143195390701294 
vt 0.8387239575386047 0.5154066681861877 
vt 0.8406773209571838 0.5150442719459534 
vt 0.8406773209571838 0.517339289188385 
vt 0.8432410955429077 0.5174600481987 
vt 0.8432410955429077 0.5199966430664062 
vt 0.8406773209571838 0.5199966430664062 
vt 0.83835768699646 0.517339289188385 
vt 0.83835768699646 0.5199966430664062 
vt 0.8406773209571838 0.5134740471839905 
vt 0.8432410955429077 0.5150442719459534 
vt 0.9114866256713867 0.5150442719459534 
vt 0.9114866256713867 0.5174600481987 
vt 0.9140504002571106 0.5150442719459534 
vt 0.9141724705696106 0.517339289188385 
vt 0.9114866256713867 0.5199966430664062 
vt 0.8432410955429077 0.5132324695587158 
vt 0.9114866256713867 0.5132324695587158 
vt 0.9160037636756897 0.5154066681861877 
vt 0.9114866256713867 0.7223182320594788 
vt 0.9114866256713867 0.5453623533248901 
vt 0.9140504002571106 0.7223182320594788 
vt 0.9140504002571106 0.5453623533248901 
vt 0.9140504002571106 0.5199966430664062 
vt 0.9114866256713867 0.8992741107940674 
vt 0.9140504002571106 0.8992741107940674 
vt 0.9114866256713867 0.9247605800628662 
vt 0.9164921045303345 0.7223182320594788 
vt 0.9164921045303345 0.5453623533248901 
vt 0.9164921045303345 0.5199966430664062 
vt 0.9163700342178345 0.5174600481987 
vt 0.9179571270942688 0.517339289188385 
vt 0.9172245860099792 0.5154066681861877 
vt 0.9160037636756897 0.5143195390701294 
vt 0.9182012677192688 0.5199966430664062 
vt 0.9182012677192688 0.5453623533248901 
vt 0.9182012677192688 0.7223182320594788 
vt 0.9164921045303345 0.8992741107940674 
vt 0.9140504002571106 0.9247605800628662 
vt 0.9182012677192688 0.8992741107940674 
vt 0.9164921045303345 0.9247605800628662 
vt 0.9182012677192688 0.9247605800628662 
vt 0.9179571270942688 0.9272971749305725 
vt 0.9163700342178345 0.9272971749305725 
vt 0.9172245860099792 0.9292297959327698 
vt 0.9160037636756897 0.9292297959327698 
vt 0.9160037636756897 0.9304376840591431 
vt 0.9141724705696106 0.9274179339408875 
vt 0.9140504002571106 0.9295921325683594 
vt 0.9114866256713867 0.9272971749305725 
vt 0.9114866256713867 0.9297129511833191 
vt 0.8432410955429077 0.9272971749305725 
vt 0.8432410955429077 0.9297129511833191 
vt 0.9114866256713867 0.9315247535705566 
vt 0.8432410955429077 0.9315247535705566 
vt 0.8406773209571838 0.931162416934967 
vt 0.8406773209571838 0.9295921325683594 
vt 0.8387239575386047 0.9304376840591431 
vt 0.8387239575386047 0.9292297959327698 
vt 0.8375030755996704 0.9292297959327698 
vt 0.8432410955429077 0.9247605800628662 
vt 0.8406773209571838 0.9274179339408875 
vt 0.8406773209571838 0.9247605800628662 
vt 0.8432410955429077 0.8992741107940674 
vt 0.8406773209571838 0.8992741107940674 
vt 0.8432410955429077 0.7223182320594788 
vt 0.8406773209571838 0.7223182320594788 
vt 0.8406773209571838 0.5453623533248901 
vt 0.83835768699646 0.5453623533248901 
vt 0.8365263938903809 0.5199966430664062 
vt 0.8365263938903809 0.5453623533248901 
vt 0.83835768699646 0.7223182320594788 
vt 0.8365263938903809 0.7223182320594788 
vt 0.8365263938903809 0.8992741107940674 
vt 0.83835768699646 0.8992741107940674 
vt 0.8365263938903809 0.9247605800628662 
vt 0.8432410955429077 0.5453623533248901 
vt 0.83835768699646 0.9247605800628662 
vt 0.83835768699646 0.9272971749305725 
vt 0.9172245860099792 0.5110582709312439 
vt 0.9160037636756897 0.5121453404426575 
vt 0.9160037636756897 0.5110582709312439 
vt 0.9140504002571106 0.5114206075668335 
vt 0.9140504002571106 0.5128700733184814 
vt 0.9114866256713867 0.5114206075668335 
vt 0.9114866256713867 0.5132324695587158 
vt 0.9114866256713867 0.5090048313140869 
vt 0.8432410955429077 0.5114206075668335 
vt 0.8432410955429077 0.5090048313140869 
vt 0.8406773209571838 0.5114206075668335 
vt 0.8405552506446838 0.5091256499290466 
vt 0.8387239575386047 0.5110582709312439 
vt 0.9141724705696106 0.5091256499290466 
vt 0.9114866256713867 0.5064682960510254 
vt 0.9140504002571106 0.5064682960510254 
vt 0.9163700342178345 0.5090048313140869 
vt 0.9164921045303345 0.5064682960510254 
vt 0.8432410955429077 0.5064682960510254 
vt 0.9182012677192688 0.5064682960510254 
vt 0.9164921045303345 0.4811025857925415 
vt 0.9140504002571106 0.4811025857925415 
vt 0.9114866256713867 0.4811025857925415 
vt 0.9182012677192688 0.4811025857925415 
vt 0.9164921045303345 0.03212987259030342 
vt 0.9182012677192688 0.03212987259030342 
vt 0.9164921045303345 0.006764184217900038 
vt 0.9182012677192688 0.006764184217900038 
vt 0.9179571270942688 0.004227614961564541 
vt 0.9163700342178345 0.004227614961564541 
vt 0.9172245860099792 0.002174201887100935 
vt 0.9160037636756897 0.002174201887100935 
vt 0.9141724705696106 0.004106826148927212 
vt 0.9140504002571106 0.0018118349835276604 
vt 0.9140504002571106 0.006764184217900038 
vt 0.9140504002571106 0.03212987259030342 
vt 0.9114866256713867 0.03212987259030342 
vt 0.9114866256713867 0.006764184217900038 
vt 0.9114866256713867 0.004227614961564541 
vt 0.9114866256713867 0.0018118349835276604 
vt 0.8432410955429077 0.004227614961564541 
vt 0.8432410955429077 0.0018118349835276604 
vt 0.8432410955429077 0.006764184217900038 
vt 0.8432410955429077 0.03212987259030342 
vt 0.8432410955429077 0.4811025857925415 
vt 0.8406773209571838 0.4811025857925415 
vt 0.8406773209571838 0.03212987259030342 
vt 0.8406773209571838 0.006764184217900038 
vt 0.8406773209571838 0.004106826148927212 
vt 0.8406773209571838 0.0018118349835276604 
vt 0.8406773209571838 0.000362366990884766 
vt 0.8432410955429077 0 
vt 0.8387239575386047 0.0010871009435504675 
vt 0.8387239575386047 0.002174201887100935 
vt 0.83835768699646 0.004227614961564541 
vt 0.83835768699646 0.006764184217900038 
vt 0.83835768699646 0.03212987259030342 
vt 0.83835768699646 0.4811025857925415 
vt 0.8406773209571838 0.5064682960510254 
vt 0.83835768699646 0.5090048313140869 
vt 0.8375030755996704 0.5110582709312439 
vt 0.8387239575386047 0.5121453404426575 
vt 0.8365263938903809 0.006764184217900038 
vt 0.8365263938903809 0.03212987259030342 
vt 0.8365263938903809 0.4811025857925415 
vt 0.83835768699646 0.5064682960510254 
vt 0.8365263938903809 0.5064682960510254 
vt 0.8367705941200256 0.5090048313140869 
vt 0.9988994598388672 0.5110582709312439 
vt 0.9978007078170776 0.5121453404426575 
vt 0.9978007078170776 0.5110582709312439 
vt 0.9958473443984985 0.5114206075668335 
vt 0.9958473443984985 0.5128700733184814 
vt 0.9932835698127747 0.5114206075668335 
vt 0.9932835698127747 0.5132324695587158 
vt 0.9932835698127747 0.5090048313140869 
vt 0.9250380396842957 0.5114206075668335 
vt 0.9250380396842957 0.5090048313140869 
vt 0.9224742650985718 0.5114206075668335 
vt 0.9223521947860718 0.5091256499290466 
vt 0.9205209016799927 0.5110582709312439 
vt 0.9958473443984985 0.5091256499290466 
vt 0.9932835698127747 0.5064682960510254 
vt 0.9958473443984985 0.5064682960510254 
vt 0.9981669783592224 0.5090048313140869 
vt 0.9981669783592224 0.5064682960510254 
vt 0.9250380396842957 0.5064682960510254 
vt 0.9250380396842957 0.4811025857925415 
vt 0.9224742650985718 0.4811025857925415 
vt 0.9224742650985718 0.5064682960510254 
vt 0.9201546311378479 0.5090048313140869 
vt 0.9193000793457031 0.5110582709312439 
vt 0.9205209016799927 0.5121453404426575 
vt 0.9185675382614136 0.5090048313140869 
vt 0.9200325608253479 0.5064682960510254 
vt 0.9182012677192688 0.5064682960510254 
vt 0.9182012677192688 0.4811025857925415 
vt 0.9200325608253479 0.4811025857925415 
vt 0.9200325608253479 0.03212987259030342 
vt 0.9182012677192688 0.03212987259030342 
vt 0.9182012677192688 0.006764184217900038 
vt 0.9200325608253479 0.006764184217900038 
vt 0.9224742650985718 0.03212987259030342 
vt 0.9250380396842957 0.03212987259030342 
vt 0.9932835698127747 0.4811025857925415 
vt 0.9224742650985718 0.006764184217900038 
vt 0.9201546311378479 0.004227614961564541 
vt 0.9223521947860718 0.004106826148927212 
vt 0.9205209016799927 0.002174201887100935 
vt 0.9224742650985718 0.0018118349835276604 
vt 0.9205209016799927 0.0010871009435504675 
vt 0.9224742650985718 0.000362366990884766 
vt 0.9250380396842957 0.0018118349835276604 
vt 0.9250380396842957 0 
vt 0.9250380396842957 0.004227614961564541 
vt 0.9932835698127747 0.0018118349835276604 
vt 0.9932835698127747 0.004227614961564541 
vt 0.9958473443984985 0.0018118349835276604 
vt 0.9958473443984985 0.004106826148927212 
vt 0.9978007078170776 0.002174201887100935 
vt 0.9981669783592224 0.004227614961564541 
vt 0.9988994598388672 0.002174201887100935 
vt 0.9996320009231567 0.004227614961564541 
vt 0.9981669783592224 0.006764184217900038 
vt 0.9999982118606567 0.006764184217900038 
vt 0.9999982118606567 0.03212987259030342 
vt 0.9981669783592224 0.03212987259030342 
vt 0.9999982118606567 0.4811025857925415 
vt 0.9981669783592224 0.4811025857925415 
vt 0.9999982118606567 0.5064682960510254 
vt 0.9958473443984985 0.4811025857925415 
vt 0.9932835698127747 0.03212987259030342 
vt 0.9250380396842957 0.006764184217900038 
vt 0.9932835698127747 0.006764184217900038 
vt 0.9958473443984985 0.03212987259030342 
vt 0.9958473443984985 0.006764184217900038 
vt 0.004150889813899994 0.0018118349835276604 
vt 0.006714675109833479 0.004227614961564541 
vt 0.004150889813899994 0.004106826148927212 
vt 0.006714675109833479 0.006764184217900038 
vt 0.004150889813899994 0.006764184217900038 
vt 0.004150889813899994 0.03212987259030342 
vt 0.006714675109833479 0.03212987259030342 
vt 0.0322304405272007 0.006764184217900038 
vt 0 0.006764184217900038 
vt 0.0003662550006993115 0.004227614961564541 
vt 0.0018312749452888966 0.006764184217900038 
vt 0.0018312749452888966 0.004227614961564541 
vt 0.002197529887780547 0.002174201887100935 
vt 0.0010987649438902736 0.002174201887100935 
vt 0.0018312749452888966 0.03212987259030342 
vt 0.0018312749452888966 0.4811025857925415 
vt 0.004150889813899994 0.4811025857925415 
vt 0.0018312749452888966 0.5064682960510254 
vt 0.004150889813899994 0.5064682960510254 
vt 0.0018312749452888966 0.5090048313140869 
vt 0.006714675109833479 0.4811025857925415 
vt 0.0322304405272007 0.03212987259030342 
vt 0.20913159847259521 0.006764184217900038 
vt 0.0322304405272007 0.004227614961564541 
vt 0.006714675109833479 0.0018118349835276604 
vt 0.0322304405272007 0.0018118349835276604 
vt 0.006714675109833479 0 
vt 0.0322304405272007 0 
vt 0.20913159847259521 0.0018118349835276604 
vt 0.20913159847259521 0 
vt 0.38603276014328003 0 
vt 0.38603276014328003 0.0018118349835276604 
vt 0.41154852509498596 0 
vt 0.41154852509498596 0.0018118349835276604 
vt 0.38603276014328003 0.004227614961564541 
vt 0.41154852509498596 0.004227614961564541 
vt 0.4141123294830322 0.0018118349835276604 
vt 0.4141123294830322 0.004106826148927212 
vt 0.41606569290161133 0.002174201887100935 
vt 0.4164319336414337 0.004227614961564541 
vt 0.4171644449234009 0.002174201887100935 
vt 0.41789695620536804 0.004227614961564541 
vt 0.4164319336414337 0.006764184217900038 
vt 0.41826319694519043 0.006764184217900038 
vt 0.4141123294830322 0.006764184217900038 
vt 0.41154852509498596 0.006764184217900038 
vt 0.4164319336414337 0.03212987259030342 
vt 0.4141123294830322 0.03212987259030342 
vt 0.4164319336414337 0.4811025857925415 
vt 0.4141123294830322 0.4811025857925415 
vt 0.4164319336414337 0.5064682960510254 
vt 0.41154852509498596 0.03212987259030342 
vt 0.38603276014328003 0.006764184217900038 
vt 0.38603276014328003 0.03212987259030342 
vt 0.41154852509498596 0.4811025857925415 
vt 0.4141123294830322 0.5064682960510254 
vt 0.4164319336414337 0.5090048313140869 
vt 0.4141123294830322 0.5091256499290466 
vt 0.41606569290161133 0.5110582709312439 
vt 0.4141123294830322 0.5114206075668335 
vt 0.41606569290161133 0.5121453404426575 
vt 0.4141123294830322 0.5128700733184814 
vt 0.41154852509498596 0.5114206075668335 
vt 0.41154852509498596 0.5132324695587158 
vt 0.41154852509498596 0.5090048313140869 
vt 0.41154852509498596 0.5064682960510254 
vt 0.38603276014328003 0.4811025857925415 
vt 0.38603276014328003 0.5114206075668335 
vt 0.38603276014328003 0.5090048313140869 
vt 0.20913159847259521 0.5114206075668335 
vt 0.20913159847259521 0.5090048313140869 
vt 0.0322304405272007 0.5090048313140869 
vt 0.0322304405272007 0.5114206075668335 
vt 0.006714675109833479 0.5090048313140869 
vt 0.006714675109833479 0.5114206075668335 
vt 0.004150889813899994 0.5114206075668335 
vt 0.004150889813899994 0.5128700733184814 
vt 0.002197529887780547 0.5121453404426575 
vt 0.002197529887780547 0.5110582709312439 
vt 0.004150889813899994 0.5091256499290466 
vt 0.006714675109833479 0.5064682960510254 
vt 0.0322304405272007 0.5064682960510254 
vt 0.20913159847259521 0.5064682960510254 
vt 0.38603276014328003 0.5064682960510254 
vt 0.20913159847259521 0.4811025857925415 
vt 0.006714675109833479 0.5132324695587158 
vt 0.0322304405272007 0.4811025857925415 
vt 0.20913159847259521 0.03212987259030342 
vt 0.20913159847259521 0.004227614961564541 
vt 0.16029760241508484 0.5132324695587158 
vt 0.17250610888004303 0.5132324695587158 
vt 0.16029760241508484 0.5175808668136597 
vt 0.17250610888004303 0.5175808668136597 
vt 0.16029760241508484 0.5221708416938782 
vt 0.17250610888004303 0.5221708416938782 
vt 0.17250610888004303 0.6991267204284668 
vt 0.16029760241508484 0.6991267204284668 
vt 0.16029760241508484 0.8760825991630554 
vt 0.17250610888004303 0.8760825991630554 
vt 0.17250610888004303 0.8807933926582336 
vt 0.16029760241508484 0.8807933926582336 
vt 0.17250610888004303 0.8850210309028625 
vt 0.16029760241508484 0.8850210309028625 
vt 0.07984358817338943 0.5174600481987 
vt 0.07752397656440735 0.5199966430664062 
vt 0.07764606177806854 0.517339289188385 
vt 0.07496018707752228 0.5199966430664062 
vt 0.07496018707752228 0.5453623533248901 
vt 0.006714675109833479 0.5199966430664062 
vt 0.07996567338705063 0.5199966430664062 
vt 0.07752397656440735 0.5453623533248901 
vt 0.07996567338705063 0.5453623533248901 
vt 0.07752397656440735 0.7223182320594788 
vt 0.07996567338705063 0.7223182320594788 
vt 0.07996567338705063 0.8992741107940674 
vt 0.07752397656440735 0.8992741107940674 
vt 0.07996567338705063 0.9247605800628662 
vt 0.07752397656440735 0.9247605800628662 
vt 0.07984358817338943 0.9272971749305725 
vt 0.07764606177806854 0.9274179339408875 
vt 0.07947733253240585 0.9292297959327698 
vt 0.07752397656440735 0.9295921325683594 
vt 0.07947733253240585 0.9304376840591431 
vt 0.07752397656440735 0.931162416934967 
vt 0.07496018707752228 0.9297129511833191 
vt 0.07496018707752228 0.9315247535705566 
vt 0.006714675109833479 0.9315247535705566 
vt 0.006714675109833479 0.9297129511833191 
vt 0.07496018707752228 0.9272971749305725 
vt 0.006714675109833479 0.9272971749305725 
vt 0.07496018707752228 0.9247605800628662 
vt 0.004150889813899994 0.9295921325683594 
vt 0.004150889813899994 0.9274179339408875 
vt 0.002197529887780547 0.9292297959327698 
vt 0.0018312749452888966 0.9272971749305725 
vt 0.0010987649438902736 0.9292297959327698 
vt 0.0003662550006993115 0.9272971749305725 
vt 0.0018312749452888966 0.9247605800628662 
vt 0 0.9247605800628662 
vt 0.004150889813899994 0.9247605800628662 
vt 0.006714675109833479 0.9247605800628662 
vt 0.07496018707752228 0.8992741107940674 
vt 0.07496018707752228 0.7223182320594788 
vt 0.006714675109833479 0.5453623533248901 
vt 0.004150889813899994 0.5453623533248901 
vt 0.004150889813899994 0.7223182320594788 
vt 0.006714675109833479 0.7223182320594788 
vt 0.006714675109833479 0.8992741107940674 
vt 0.004150889813899994 0.8992741107940674 
vt 0.0018312749452888966 0.8992741107940674 
vt 0.0018312749452888966 0.7223182320594788 
vt 0.0018312749452888966 0.5453623533248901 
vt 0.004150889813899994 0.5199966430664062 
vt 0.0018312749452888966 0.5199966430664062 
vt 0.0018312749452888966 0.5174600481987 
vt 0.0003662550006993115 0.5174600481987 
vt 0.0010987649438902736 0.5154066681861877 
vt 0.002197529887780547 0.5154066681861877 
vt 0.004150889813899994 0.517339289188385 
vt 0 0.5199966430664062 
vt 0.004150889813899994 0.5150442719459534 
vt 0.006714675109833479 0.5174600481987 
vt 0.07496018707752228 0.5174600481987 
vt 0.006714675109833479 0.5150442719459534 
vt 0.07496018707752228 0.5150442719459534 
vt 0.07752397656440735 0.5150442719459534 
vt 0.07752397656440735 0.5134740471839905 
vt 0.07496018707752228 0.5132324695587158 
vt 0.006714675109833479 0.5132324695587158 
vt 0.07947733253240585 0.5154066681861877 
vt 0.07947733253240585 0.5143195390701294 
vt 0.8365263938903809 0.9771829843521118 
vt 0.8365263938903809 0.9725930094718933 
vt 0.8243179321289062 0.9725930094718933 
vt 0.8365263938903809 0.5236203074455261 
vt 0.8243179321289062 0.5236203074455261 
vt 0.8243179321289062 0.5190303325653076 
vt 0.8365263938903809 0.5190303325653076 
vt 0.8243179321289062 0.5146819353103638 
vt 0.8365263938903809 0.5146819353103638 
vt 0.8243179321289062 0.5114206075668335 
vt 0.8365263938903809 0.5114206075668335 
vt 0.8243179321289062 0.9771829843521118 
vt 0.8365263938903809 0.9815314412117004 
vt 0.8243179321289062 0.9815314412117004 
vt 0.16029760241508484 0.5132324695587158 
vt 0.14808911085128784 0.5132324695587158 
vt 0.16029760241508484 0.5164937376976013 
vt 0.14808911085128784 0.5164937376976013 
vt 0.16029760241508484 0.5208421945571899 
vt 0.14808911085128784 0.5208421945571899 
vt 0.16029760241508484 0.5254321694374084 
vt 0.14808911085128784 0.5254321694374084 
vt 0.14808911085128784 0.702508807182312 
vt 0.16029760241508484 0.702508807182312 
vt 0.16029760241508484 0.8794646859169006 
vt 0.14808911085128784 0.8794646859169006 
vt 0.14808911085128784 0.8840547204017639 
vt 0.16029760241508484 0.8840547204017639 
vt 0.14808911085128784 0.8884031176567078 
vt 0.16029760241508484 0.8884031176567078 
vt 0.14808911085128784 0.8916643857955933 
vt 0.16029760241508484 0.8916643857955933 
vt 0.8195565938949585 0.5114206075668335 
vt 0.8243179321289062 0.5114206075668335 
vt 0.8195565938949585 0.5367863178253174 
vt 0.8243179321289062 0.5367863178253174 
vt 0.8195565938949585 0.713742196559906 
vt 0.8243179321289062 0.713742196559906 
vt 0.8243179321289062 0.8906980752944946 
vt 0.8195565938949585 0.8906980752944946 
vt 0.8243179321289062 0.9160637855529785 
vt 0.8195565938949585 0.9160637855529785 
vt 0.4249778985977173 0.9745256304740906 
vt 0.4253441393375397 0.9777869582176208 
vt 0.41826319694519043 0.974888026714325 
vt 0.4187515377998352 0.9794780015945435 
vt 0.41826319694519043 0.5259153246879578 
vt 0.4249778985977173 0.5262776613235474 
vt 0.4253441393375397 0.5230163931846619 
vt 0.42619872093200684 0.9799611568450928 
vt 0.4205828309059143 0.9838263988494873 
vt 0.42766374349594116 0.9814106225967407 
vt 0.42387911677360535 0.9870877265930176 
vt 0.4187515377998352 0.5213253498077393 
vt 0.4205828309059143 0.5169768929481506 
vt 0.42619872093200684 0.5208421945571899 
vt 0.42387911677360535 0.5137156248092651 
vt 0.42766374349594116 0.519392728805542 
vt 0.42815208435058594 0.5119037628173828 
vt 0.42986127734184265 0.5184263586997986 
vt 0.4327913224697113 0.5114206075668335 
vt 0.42986127734184265 0.9822561740875244 
vt 0.4331575930118561 0.5181847810745239 
vt 0.6098145842552185 0.5114206075668335 
vt 0.6098145842552185 0.5181847810745239 
vt 0.7863494753837585 0.5181847810745239 
vt 0.7867157459259033 0.5114206075668335 
vt 0.789645791053772 0.5184263586997986 
vt 0.7913549542427063 0.5119037628173828 
vt 0.7918432950973511 0.519392728805542 
vt 0.7956279516220093 0.5137156248092651 
vt 0.7933083176612854 0.5208421945571899 
vt 0.7990463376045227 0.5169768929481506 
vt 0.794162929058075 0.5230163931846619 
vt 0.800755500793457 0.5213253498077393 
vt 0.7945291996002197 0.5262776613235474 
vt 0.8012438416481018 0.5259153246879578 
vt 0.7945291996002197 0.9745256304740906 
vt 0.8012438416481018 0.974888026714325 
vt 0.42815208435058594 0.9888995289802551 
vt 0.4331575930118561 0.982618510723114 
vt 0.4327913224697113 0.9893826842308044 
vt 0.794162929058075 0.9777869582176208 
vt 0.7933083176612854 0.9799611568450928 
vt 0.7918432950973511 0.9814106225967407 
vt 0.7990463376045227 0.9838263988494873 
vt 0.7956279516220093 0.9870877265930176 
vt 0.789645791053772 0.9822561740875244 
vt 0.7913549542427063 0.9888995289802551 
vt 0.800755500793457 0.9794780015945435 
vt 0.7863494753837585 0.982618510723114 
vt 0.6098145842552185 0.982618510723114 
vt 0.7867157459259033 0.9893826842308044 
vt 0.6098145842552185 0.9893826842308044 
vt 0.07996567338705063 0.5132324695587158 
vt 0.07996567338705063 0.5385981798171997 
vt 0.14808911085128784 0.5132324695587158 
vt 0.14808911085128784 0.5385981798171997 
vt 0.07996567338705063 0.7155540585517883 
vt 0.14808911085128784 0.7155540585517883 
vt 0.14808911085128784 0.892509937286377 
vt 0.07996567338705063 0.892509937286377 
vt 0.14808911085128784 0.9179964065551758 
vt 0.07996567338705063 0.9179964065551758 
vt 0.8182136416435242 0.5114206075668335 
vt 0.8134523630142212 0.5114206075668335 
vt 0.8182136416435242 0.5367863178253174 
vt 0.8134523630142212 0.5367863178253174 
vt 0.8182136416435242 0.713742196559906 
vt 0.8134523630142212 0.713742196559906 
vt 0.8134523630142212 0.8906980752944946 
vt 0.8182136416435242 0.8906980752944946 
vt 0.8134523630142212 0.9160637855529785 
vt 0.8182136416435242 0.9160637855529785 
vt 0.1772674173116684 0.5132324695587158 
vt 0.1772674173116684 0.5814782381057739 
vt 0.18190665543079376 0.5132324695587158 
vt 0.18190665543079376 0.5814782381057739 
vt 0.8012438416481018 0.9815314412117004 
vt 0.8012438416481018 0.9771829843521118 
vt 0.8134523630142212 0.9815314412117004 
vt 0.8134523630142212 0.9771829843521118 
vt 0.8012438416481018 0.9725930094718933 
vt 0.8134523630142212 0.9725930094718933 
vt 0.8134523630142212 0.5236203074455261 
vt 0.8012438416481018 0.5236203074455261 
vt 0.8012438416481018 0.5190303325653076 
vt 0.8134523630142212 0.5190303325653076 
vt 0.8012438416481018 0.5146819353103638 
vt 0.8134523630142212 0.5146819353103638 
vt 0.8012438416481018 0.5114206075668335 
vt 0.8134523630142212 0.5114206075668335 
vt 0.1772674173116684 0.5814782381057739 
vt 0.1772674173116684 0.5132324695587158 
vt 0.17250610888004303 0.5814782381057739 
vt 0.17250610888004303 0.5132324695587158 
s on 
f 1/1/1 2/2/2 3/3/3 
f 2/2/2 4/4/4 3/3/3 
f 3/3/3 4/4/4 4/4/4 
f 4/4/4 1/1/1 4/4/4 
f 4/4/4 1/1/1 1/1/1 
f 1/1/1 3/3/3 1/1/1 
f 1/1/1 3/3/3 5/5/5 
f 3/3/3 3/3/3 5/5/5 
f 5/5/5 3/3/3 6/6/6 
f 3/3/3 7/7/7 6/6/6 
f 6/6/6 7/7/7 8/8/8 
f 7/7/7 7/7/7 8/8/8 
f 8/8/8 7/7/7 9/9/9 
f 7/7/7 7/7/7 9/9/9 
f 9/9/9 7/7/7 10/10/10 
f 7/7/7 11/11/11 10/10/10 
f 10/10/10 11/11/11 12/12/12 
f 11/11/11 13/13/13 12/12/12 
f 12/12/12 13/13/13 12/12/12 
f 13/13/13 14/14/14 12/12/12 
f 12/12/12 14/14/14 15/15/15 
f 14/14/14 14/14/14 15/15/15 
f 15/15/15 14/14/14 16/16/16 
f 14/14/14 14/14/14 16/16/16 
f 16/16/16 14/14/14 17/17/17 
f 14/14/14 18/18/18 17/17/17 
f 17/17/17 18/18/18 19/19/19 
f 18/18/18 18/18/18 19/19/19 
f 19/19/19 18/18/18 20/20/20 
f 18/18/18 21/21/21 20/20/20 
f 20/20/20 21/21/21 22/22/22 
f 21/21/21 21/21/21 22/22/22 
f 22/22/22 21/21/21 23/23/23 
f 21/21/21 21/21/21 23/23/23 
f 23/23/23 21/21/21 24/24/24 
f 21/21/21 25/25/25 24/24/24 
f 24/24/24 25/25/25 24/24/24 
f 25/25/25 26/26/26 24/24/24 
f 24/24/24 26/26/26 27/27/27 
f 26/26/26 28/28/28 27/27/27 
f 27/27/27 28/28/28 29/29/29 
f 28/28/28 28/28/28 29/29/29 
f 29/29/29 28/28/28 30/30/30 
f 28/28/28 28/28/28 30/30/30 
f 30/30/30 28/28/28 31/31/31 
f 28/28/28 32/32/32 31/31/31 
f 31/31/31 32/32/32 33/33/33 
f 32/32/32 32/32/32 33/33/33 
f 33/33/33 32/32/32 34/34/34 
f 32/32/32 32/32/32 34/34/34 
f 34/34/34 32/32/32 35/35/35 
f 32/32/32 36/36/36 35/35/35 
f 35/35/35 36/36/36 37/37/37 
f 36/36/36 38/38/38 37/37/37 
f 37/37/37 38/38/38 4/4/4 
f 38/38/38 39/39/39 4/4/4 
f 4/4/4 39/39/39 40/40/40 
f 39/39/39 39/39/39 40/40/40 
f 40/40/40 39/39/39 41/41/41 
f 39/39/39 39/39/39 41/41/41 
f 41/41/41 39/39/39 42/42/42 
f 39/39/39 36/36/36 42/42/42 
f 42/42/42 36/36/36 42/42/42 
f 36/36/36 32/32/32 42/42/42 
f 42/42/42 32/32/32 42/42/42 
f 32/32/32 43/43/43 42/42/42 
f 42/42/42 43/43/43 42/42/42 
f 43/43/43 44/44/44 42/42/42 
f 42/42/42 44/44/44 41/41/41 
f 44/44/44 45/45/45 41/41/41 
f 41/41/41 45/45/45 46/46/46 
f 45/45/45 47/47/47 46/46/46 
f 46/46/46 47/47/47 48/48/48 
f 47/47/47 49/49/49 48/48/48 
f 48/48/48 49/49/49 48/48/48 
f 49/49/49 50/50/50 48/48/48 
f 48/48/48 50/50/50 51/51/51 
f 50/50/50 52/52/52 51/51/51 
f 51/51/51 52/52/52 51/51/51 
f 52/52/52 53/53/53 51/51/51 
f 51/51/51 53/53/53 54/54/54 
f 53/53/53 55/55/55 54/54/54 
f 54/54/54 55/55/55 55/55/55 
f 55/55/55 12/12/12 55/55/55 
f 55/55/55 12/12/12 12/12/12 
f 12/12/12 56/56/56 12/12/12 
f 12/12/12 56/56/56 10/10/10 
f 56/56/56 10/10/10 10/10/10 
f 10/10/10 10/10/10 24/24/24 
f 10/10/10 24/24/24 24/24/24 
f 24/24/24 24/24/24 57/57/57 
f 24/24/24 27/27/27 57/57/57 
f 57/57/57 27/27/27 27/27/27 
f 27/27/27 37/37/37 27/27/27 
f 27/27/27 37/37/37 37/37/37 
f 37/37/37 4/4/4 37/37/37 
f 37/37/37 4/4/4 2/2/2 
f 4/4/4 2/2/2 2/2/2 
f 2/2/2 2/2/2 39/39/39 
f 2/2/2 39/39/39 39/39/39 
f 39/39/39 39/39/39 36/36/36 
f 39/39/39 38/38/38 36/36/36 
f 36/36/36 38/38/38 38/38/38 
f 38/38/38 4/4/4 38/38/38 
f 38/38/38 4/4/4 4/4/4 
f 4/4/4 40/40/40 4/4/4 
f 4/4/4 40/40/40 3/3/3 
f 40/40/40 58/58/58 3/3/3 
f 3/3/3 58/58/58 54/54/54 
f 58/58/58 58/58/58 54/54/54 
f 54/54/54 58/58/58 51/51/51 
f 58/58/58 58/58/58 51/51/51 
f 51/51/51 58/58/58 48/48/48 
f 58/58/58 58/58/58 48/48/48 
f 48/48/48 58/58/58 46/46/46 
f 58/58/58 40/40/40 46/46/46 
f 46/46/46 40/40/40 41/41/41 
f 40/40/40 41/41/41 41/41/41 
f 41/41/41 41/41/41 3/3/3 
f 41/41/41 3/3/3 3/3/3 
f 3/3/3 3/3/3 59/59/59 
f 3/3/3 54/54/54 59/59/59 
f 59/59/59 54/54/54 59/59/59 
f 54/54/54 55/55/55 59/59/59 
f 59/59/59 55/55/55 59/59/59 
f 55/55/55 60/60/60 59/59/59 
f 59/59/59 60/60/60 61/61/61 
f 60/60/60 62/62/62 61/61/61 
f 61/61/61 62/62/62 63/63/63 
f 62/62/62 64/64/64 63/63/63 
f 63/63/63 64/64/64 65/65/65 
f 64/64/64 66/66/66 65/65/65 
f 65/65/65 66/66/66 66/66/66 
f 66/66/66 3/3/3 66/66/66 
f 66/66/66 3/3/3 3/3/3 
f 3/3/3 59/59/59 3/3/3 
f 3/3/3 59/59/59 7/7/7 
f 59/59/59 61/61/61 7/7/7 
f 7/7/7 61/61/61 11/11/11 
f 61/61/61 63/63/63 11/11/11 
f 11/11/11 63/63/63 13/13/13 
f 63/63/63 65/65/65 13/13/13 
f 13/13/13 65/65/65 13/13/13 
f 65/65/65 67/67/67 13/13/13 
f 13/13/13 67/67/67 68/68/68 
f 67/67/67 69/69/69 68/68/68 
f 68/68/68 69/69/69 68/68/68 
f 69/69/69 70/70/70 68/68/68 
f 68/68/68 70/70/70 68/68/68 
f 70/70/70 71/71/71 68/68/68 
f 68/68/68 71/71/71 14/14/14 
f 71/71/71 18/18/18 14/14/14 
f 14/14/14 18/18/18 18/18/18 
f 18/18/18 68/68/68 18/18/18 
f 18/18/18 68/68/68 68/68/68 
f 68/68/68 14/14/14 68/68/68 
f 68/68/68 14/14/14 13/13/13 
f 14/14/14 13/13/13 13/13/13 
f 13/13/13 13/13/13 69/69/69 
f 13/13/13 69/69/69 69/69/69 
f 69/69/69 69/69/69 72/72/72 
f 69/69/69 67/67/67 72/72/72 
f 72/72/72 67/67/67 73/73/73 
f 67/67/67 65/65/65 73/73/73 
f 73/73/73 65/65/65 73/73/73 
f 65/65/65 66/66/66 73/73/73 
f 73/73/73 66/66/66 74/74/74 
f 66/66/66 75/75/75 74/74/74 
f 74/74/74 75/75/75 75/75/75 
f 75/75/75 72/72/72 75/75/75 
f 75/75/75 72/72/72 72/72/72 
f 72/72/72 73/73/73 72/72/72 
f 72/72/72 73/73/73 76/76/76 
f 73/73/73 74/74/74 76/76/76 
f 76/76/76 74/74/74 74/74/74 
f 74/74/74 70/70/70 74/74/74 
f 74/74/74 70/70/70 70/70/70 
f 70/70/70 77/77/77 70/70/70 
f 70/70/70 77/77/77 71/71/71 
f 77/77/77 77/77/77 71/71/71 
f 71/71/71 77/77/77 78/78/78 
f 77/77/77 79/79/79 78/78/78 
f 78/78/78 79/79/79 78/78/78 
f 79/79/79 80/80/80 78/78/78 
f 78/78/78 80/80/80 81/81/81 
f 80/80/80 82/82/82 81/81/81 
f 81/81/81 82/82/82 83/83/83 
f 82/82/82 84/84/84 83/83/83 
f 83/83/83 84/84/84 85/85/85 
f 84/84/84 86/86/86 85/85/85 
f 85/85/85 86/86/86 87/87/87 
f 86/86/86 88/88/88 87/87/87 
f 87/87/87 88/88/88 87/87/87 
f 88/88/88 89/89/89 87/87/87 
f 87/87/87 89/89/89 90/90/90 
f 89/89/89 91/91/91 90/90/90 
f 90/90/90 91/91/91 91/91/91 
f 91/91/91 90/90/90 91/91/91 
f 91/91/91 90/90/90 90/90/90 
f 90/90/90 92/92/92 90/90/90 
f 90/90/90 92/92/92 87/87/87 
f 92/92/92 92/92/92 87/87/87 
f 87/87/87 92/92/92 85/85/85 
f 92/92/92 25/25/25 85/85/85 
f 85/85/85 25/25/25 83/83/83 
f 25/25/25 21/21/21 83/83/83 
f 83/83/83 21/21/21 81/81/81 
f 21/21/21 18/18/18 81/81/81 
f 81/81/81 18/18/18 78/78/78 
f 18/18/18 71/71/71 78/78/78 
f 78/78/78 71/71/71 71/71/71 
f 71/71/71 90/90/90 71/71/71 
f 71/71/71 90/90/90 90/90/90 
f 90/90/90 93/93/93 90/90/90 
f 90/90/90 93/93/93 92/92/92 
f 93/93/93 94/94/94 92/92/92 
f 92/92/92 94/94/94 25/25/25 
f 94/94/94 94/94/94 25/25/25 
f 25/25/25 94/94/94 26/26/26 
f 94/94/94 95/95/95 26/26/26 
f 26/26/26 95/95/95 28/28/28 
f 95/95/95 96/96/96 28/28/28 
f 28/28/28 96/96/96 32/32/32 
f 96/96/96 97/97/97 32/32/32 
f 32/32/32 97/97/97 43/43/43 
f 97/97/97 43/43/43 43/43/43 
f 43/43/43 43/43/43 93/93/93 
f 43/43/43 93/93/93 93/93/93 
f 93/93/93 93/93/93 94/94/94 
f 93/93/93 98/98/98 94/94/94 
f 94/94/94 98/98/98 95/95/95 
f 98/98/98 99/99/99 95/95/95 
f 95/95/95 99/99/99 96/96/96 
f 99/99/99 100/100/100 96/96/96 
f 96/96/96 100/100/100 97/97/97 
f 100/100/100 101/101/101 97/97/97 
f 97/97/97 101/101/101 102/102/102 
f 101/101/101 103/103/103 102/102/102 
f 102/102/102 103/103/103 102/102/102 
f 103/103/103 104/104/104 102/102/102 
f 102/102/102 104/104/104 105/105/105 
f 104/104/104 106/106/106 105/105/105 
f 105/105/105 106/106/106 105/105/105 
f 106/106/106 107/107/107 105/105/105 
f 105/105/105 107/107/107 44/44/44 
f 107/107/107 45/45/45 44/44/44 
f 44/44/44 45/45/45 45/45/45 
f 45/45/45 97/97/97 45/45/45 
f 45/45/45 97/97/97 97/97/97 
f 97/97/97 102/102/102 97/97/97 
f 97/97/97 102/102/102 43/43/43 
f 102/102/102 105/105/105 43/43/43 
f 43/43/43 105/105/105 44/44/44 
f 105/105/105 44/44/44 44/44/44 
f 44/44/44 44/44/44 108/108/108 
f 44/44/44 108/108/108 108/108/108 
f 108/108/108 108/108/108 109/109/109 
f 108/108/108 110/110/110 109/109/109 
f 109/109/109 110/110/110 111/111/111 
f 110/110/110 112/112/112 111/111/111 
f 111/111/111 112/112/112 113/113/113 
f 112/112/112 112/112/112 113/113/113 
f 113/113/113 112/112/112 114/114/114 
f 112/112/112 112/112/112 114/114/114 
f 114/114/114 112/112/112 115/115/115 
f 112/112/112 116/116/116 115/115/115 
f 115/115/115 116/116/116 117/117/117 
f 116/116/116 117/117/117 117/117/117 
f 117/117/117 117/117/117 109/109/109 
f 117/117/117 109/109/109 109/109/109 
f 109/109/109 109/109/109 118/118/118 
f 109/109/109 111/111/111 118/118/118 
f 118/118/118 111/111/111 119/119/119 
f 111/111/111 113/113/113 119/119/119 
f 119/119/119 113/113/113 120/120/120 
f 113/113/113 121/121/121 120/120/120 
f 120/120/120 121/121/121 122/122/122 
f 121/121/121 121/121/121 122/122/122 
f 122/122/122 121/121/121 123/123/123 
f 121/121/121 121/121/121 123/123/123 
f 123/123/123 121/121/121 124/124/124 
f 121/121/121 121/121/121 124/124/124 
f 124/124/124 121/121/121 114/114/114 
f 121/121/121 113/113/113 114/114/114 
f 114/114/114 113/113/113 113/113/113 
f 113/113/113 112/112/112 113/113/113 
f 113/113/113 112/112/112 112/112/112 
f 112/112/112 110/110/110 112/112/112 
f 112/112/112 110/110/110 116/116/116 
f 110/110/110 116/116/116 116/116/116 
f 116/116/116 116/116/116 118/118/118 
f 116/116/116 118/118/118 118/118/118 
f 118/118/118 118/118/118 125/125/125 
f 118/118/118 119/119/119 125/125/125 
f 125/125/125 119/119/119 126/126/126 
f 119/119/119 120/120/120 126/126/126 
f 126/126/126 120/120/120 120/120/120 
f 120/120/120 123/123/123 120/120/120 
f 120/120/120 123/123/123 123/123/123 
f 123/123/123 127/127/127 123/123/123 
f 123/123/123 127/127/127 122/122/122 
f 127/127/127 122/122/122 122/122/122 
f 122/122/122 122/122/122 128/128/128 
f 122/122/122 128/128/128 128/128/128 
f 128/128/128 128/128/128 129/129/129 
f 128/128/128 130/130/130 129/129/129 
f 129/129/129 130/130/130 129/129/129 
f 130/130/130 131/131/131 129/129/129 
f 129/129/129 131/131/131 124/124/124 
f 131/131/131 132/132/132 124/124/124 
f 124/124/124 132/132/132 123/123/123 
f 132/132/132 123/123/123 123/123/123 
f 123/123/123 123/123/123 128/128/128 
f 123/123/123 128/128/128 128/128/128 
f 128/128/128 128/128/128 130/130/130 
f 128/128/128 133/133/133 130/130/130 
f 130/130/130 133/133/133 134/134/134 
f 133/133/133 135/135/135 134/134/134 
f 134/134/134 135/135/135 135/135/135 
f 135/135/135 134/134/134 135/135/135 
f 135/135/135 134/134/134 134/134/134 
f 134/134/134 136/136/136 134/134/134 
f 134/134/134 136/136/136 130/130/130 
f 136/136/136 136/136/136 130/130/130 
f 130/130/130 136/136/136 131/131/131 
f 136/136/136 137/137/137 131/131/131 
f 131/131/131 137/137/137 132/132/132 
f 137/137/137 138/138/138 132/132/132 
f 132/132/132 138/138/138 139/139/139 
f 138/138/138 140/140/140 139/139/139 
f 139/139/139 140/140/140 139/139/139 
f 140/140/140 141/141/141 139/139/139 
f 139/139/139 141/141/141 127/127/127 
f 141/141/141 142/142/142 127/127/127 
f 127/127/127 142/142/142 142/142/142 
f 142/142/142 132/132/132 142/142/142 
f 142/142/142 132/132/132 132/132/132 
f 132/132/132 139/139/139 132/132/132 
f 132/132/132 139/139/139 123/123/123 
f 139/139/139 127/127/127 123/123/123 
f 123/123/123 127/127/127 127/127/127 
f 127/127/127 140/140/140 127/127/127 
f 127/127/127 140/140/140 140/140/140 
f 140/140/140 138/138/138 140/140/140 
f 140/140/140 138/138/138 143/143/143 
f 138/138/138 138/138/138 143/143/143 
f 143/143/143 138/138/138 144/144/144 
f 138/138/138 137/137/137 144/144/144 
f 144/144/144 137/137/137 145/145/145 
f 137/137/137 136/136/136 145/145/145 
f 145/145/145 136/136/136 146/146/146 
f 136/136/136 134/134/134 146/146/146 
f 146/146/146 134/134/134 147/147/147 
f 134/134/134 135/135/135 147/147/147 
f 147/147/147 135/135/135 135/135/135 
f 135/135/135 145/145/145 135/135/135 
f 135/135/135 145/145/145 145/145/145 
f 145/145/145 146/146/146 145/145/145 
f 145/145/145 146/146/146 148/148/148 
f 146/146/146 149/149/149 148/148/148 
f 148/148/148 149/149/149 150/150/150 
f 149/149/149 149/149/149 150/150/150 
f 150/150/150 149/149/149 151/151/151 
f 149/149/149 152/152/152 151/151/151 
f 151/151/151 152/152/152 153/153/153 
f 152/152/152 154/154/154 153/153/153 
f 153/153/153 154/154/154 155/155/155 
f 154/154/154 155/155/155 155/155/155 
f 155/155/155 155/155/155 146/146/146 
f 155/155/155 146/146/146 146/146/146 
f 146/146/146 146/146/146 149/149/149 
f 146/146/146 147/147/147 149/149/149 
f 149/149/149 147/147/147 152/152/152 
f 147/147/147 156/156/156 152/152/152 
f 152/152/152 156/156/156 154/154/154 
f 156/156/156 156/156/156 154/154/154 
f 154/154/154 156/156/156 157/157/157 
f 156/156/156 158/158/158 157/157/157 
f 157/157/157 158/158/158 159/159/159 
f 158/158/158 160/160/160 159/159/159 
f 159/159/159 160/160/160 159/159/159 
f 160/160/160 161/161/161 159/159/159 
f 159/159/159 161/161/161 162/162/162 
f 161/161/161 161/161/161 162/162/162 
f 162/162/162 161/161/161 163/163/163 
f 161/161/161 161/161/161 163/163/163 
f 163/163/163 161/161/161 164/164/164 
f 161/161/161 165/165/165 164/164/164 
f 164/164/164 165/165/165 166/166/166 
f 165/165/165 167/167/167 166/166/166 
f 166/166/166 167/167/167 168/168/168 
f 167/167/167 168/168/168 168/168/168 
f 168/168/168 168/168/168 147/147/147 
f 168/168/168 147/147/147 147/147/147 
f 147/147/147 147/147/147 156/156/156 
f 147/147/147 135/135/135 156/156/156 
f 156/156/156 135/135/135 158/158/158 
f 135/135/135 169/169/169 158/158/158 
f 158/158/158 169/169/169 160/160/160 
f 169/169/169 170/170/170 160/160/160 
f 160/160/160 170/170/170 165/165/165 
f 170/170/170 167/167/167 165/165/165 
f 165/165/165 167/167/167 167/167/167 
f 167/167/167 160/160/160 167/167/167 
f 167/167/167 160/160/160 160/160/160 
f 160/160/160 165/165/165 160/160/160 
f 160/160/160 165/165/165 161/161/161 
f 165/165/165 161/161/161 161/161/161 
f 161/161/161 161/161/161 170/170/170 
f 161/161/161 170/170/170 170/170/170 
f 170/170/170 170/170/170 171/171/171 
f 170/170/170 169/169/169 171/171/171 
f 171/171/171 169/169/169 171/171/171 
f 169/169/169 172/172/172 171/171/171 
f 171/171/171 172/172/172 173/173/173 
f 172/172/172 174/174/174 173/173/173 
f 173/173/173 174/174/174 175/175/175 
f 174/174/174 176/176/176 175/175/175 
f 175/175/175 176/176/176 177/177/177 
f 176/176/176 117/117/117 177/177/177 
f 177/177/177 117/117/117 177/177/177 
f 117/117/117 178/178/178 177/177/177 
f 177/177/177 178/178/178 177/177/177 
f 178/178/178 179/179/179 177/177/177 
f 177/177/177 179/179/179 180/180/180 
f 179/179/179 181/181/181 180/180/180 
f 180/180/180 181/181/181 180/180/180 
f 181/181/181 182/182/182 180/180/180 
f 180/180/180 182/182/182 183/183/183 
f 182/182/182 184/184/184 183/183/183 
f 183/183/183 184/184/184 184/184/184 
f 184/184/184 174/174/174 184/184/184 
f 184/184/184 174/174/174 174/174/174 
f 174/174/174 185/185/185 174/174/174 
f 174/174/174 185/185/185 176/176/176 
f 185/185/185 115/115/115 176/176/176 
f 176/176/176 115/115/115 117/117/117 
f 115/115/115 117/117/117 117/117/117 
f 117/117/117 117/117/117 185/185/185 
f 117/117/117 185/185/185 185/185/185 
f 185/185/185 185/185/185 115/115/115 
f 185/185/185 114/114/114 115/115/115 
f 115/115/115 114/114/114 114/114/114 
f 114/114/114 177/177/177 114/114/114 
f 114/114/114 177/177/177 177/177/177 
f 177/177/177 180/180/180 177/177/177 
f 177/177/177 180/180/180 175/175/175 
f 180/180/180 183/183/183 175/175/175 
f 175/175/175 183/183/183 173/173/173 
f 183/183/183 186/186/186 173/173/173 
f 173/173/173 186/186/186 171/171/171 
f 186/186/186 187/187/187 171/171/171 
f 171/171/171 187/187/187 170/170/170 
f 187/187/187 167/167/167 170/170/170 
f 170/170/170 167/167/167 167/167/167 
f 167/167/167 183/183/183 167/167/167 
f 167/167/167 183/183/183 183/183/183 
f 183/183/183 184/184/184 183/183/183 
f 183/183/183 184/184/184 186/186/186 
f 184/184/184 186/186/186 186/186/186 
f 186/186/186 186/186/186 188/188/188 
f 186/186/186 188/188/188 188/188/188 
f 188/188/188 188/188/188 189/189/189 
f 188/188/188 190/190/190 189/189/189 
f 189/189/189 190/190/190 189/189/189 
f 190/190/190 191/191/191 189/189/189 
f 189/189/189 191/191/191 192/192/192 
f 191/191/191 193/193/193 192/192/192 
f 192/192/192 193/193/193 194/194/194 
f 193/193/193 194/194/194 194/194/194 
f 194/194/194 194/194/194 191/191/191 
f 194/194/194 191/191/191 191/191/191 
f 191/191/191 191/191/191 193/193/193 
f 191/191/191 195/195/195 193/193/193 
f 193/193/193 195/195/195 196/196/196 
f 195/195/195 197/197/197 196/196/196 
f 196/196/196 197/197/197 198/198/198 
f 197/197/197 199/199/199 198/198/198 
f 198/198/198 199/199/199 200/200/200 
f 199/199/199 200/200/200 200/200/200 
f 200/200/200 200/200/200 191/191/191 
f 200/200/200 191/191/191 191/191/191 
f 191/191/191 191/191/191 195/195/195 
f 191/191/191 201/201/201 195/195/195 
f 195/195/195 201/201/201 202/202/202 
f 201/201/201 201/201/201 202/202/202 
f 202/202/202 201/201/201 203/203/203 
f 201/201/201 204/204/204 203/203/203 
f 203/203/203 204/204/204 205/205/205 
f 204/204/204 205/205/205 205/205/205 
f 205/205/205 205/205/205 195/195/195 
f 205/205/205 195/195/195 195/195/195 
f 195/195/195 195/195/195 197/197/197 
f 195/195/195 202/202/202 197/197/197 
f 197/197/197 202/202/202 197/197/197 
f 202/202/202 206/206/206 197/197/197 
f 197/197/197 206/206/206 199/199/199 
f 206/206/206 199/199/199 199/199/199 
f 199/199/199 199/199/199 191/191/191 
f 199/199/199 191/191/191 191/191/191 
f 191/191/191 191/191/191 201/201/201 
f 191/191/191 190/190/190 201/201/201 
f 201/201/201 190/190/190 204/204/204 
f 190/190/190 204/204/204 204/204/204 
f 204/204/204 204/204/204 207/207/207 
f 204/204/204 207/207/207 207/207/207 
f 207/207/207 207/207/207 205/205/205 
f 207/207/207 208/208/208 205/205/205 
f 205/205/205 208/208/208 205/205/205 
f 208/208/208 209/209/209 205/205/205 
f 205/205/205 209/209/209 203/203/203 
f 209/209/209 210/210/210 203/203/203 
f 203/203/203 210/210/210 202/202/202 
f 210/210/210 202/202/202 202/202/202 
f 202/202/202 202/202/202 207/207/207 
f 202/202/202 207/207/207 207/207/207 
f 207/207/207 207/207/207 208/208/208 
f 207/207/207 211/211/211 208/208/208 
f 208/208/208 211/211/211 212/212/212 
f 211/211/211 213/213/213 212/212/212 
f 212/212/212 213/213/213 214/214/214 
f 213/213/213 215/215/215 214/214/214 
f 214/214/214 215/215/215 214/214/214 
f 215/215/215 216/216/216 214/214/214 
f 214/214/214 216/216/216 217/217/217 
f 216/216/216 218/218/218 217/217/217 
f 217/217/217 218/218/218 217/217/217 
f 218/218/218 219/219/219 217/217/217 
f 217/217/217 219/219/219 220/220/220 
f 219/219/219 221/221/221 220/220/220 
f 220/220/220 221/221/221 221/221/221 
f 221/221/221 220/220/220 221/221/221 
f 221/221/221 220/220/220 220/220/220 
f 220/220/220 222/222/222 220/220/220 
f 220/220/220 222/222/222 217/217/217 
f 222/222/222 222/222/222 217/217/217 
f 217/217/217 222/222/222 214/214/214 
f 222/222/222 222/222/222 214/214/214 
f 214/214/214 222/222/222 212/212/212 
f 222/222/222 223/223/223 212/212/212 
f 212/212/212 223/223/223 208/208/208 
f 223/223/223 223/223/223 208/208/208 
f 208/208/208 223/223/223 209/209/209 
f 223/223/223 224/224/224 209/209/209 
f 209/209/209 224/224/224 210/210/210 
f 224/224/224 210/210/210 210/210/210 
f 210/210/210 210/210/210 224/224/224 
f 210/210/210 224/224/224 224/224/224 
f 224/224/224 224/224/224 225/225/225 
f 224/224/224 223/223/223 225/225/225 
f 225/225/225 223/223/223 225/225/225 
f 223/223/223 222/222/222 225/225/225 
f 225/225/225 222/222/222 225/225/225 
f 222/222/222 220/220/220 225/225/225 
f 225/225/225 220/220/220 226/226/226 
f 220/220/220 221/221/221 226/226/226 
f 226/226/226 221/221/221 226/226/226 
f 221/221/221 227/227/227 226/226/226 
f 226/226/226 227/227/227 228/228/228 
f 227/227/227 229/229/229 228/228/228 
f 228/228/228 229/229/229 229/229/229 
f 229/229/229 228/228/228 229/229/229 
f 229/229/229 228/228/228 228/228/228 
f 228/228/228 230/230/230 228/228/228 
f 228/228/228 230/230/230 226/226/226 
f 230/230/230 230/230/230 226/226/226 
f 226/226/226 230/230/230 225/225/225 
f 230/230/230 230/230/230 225/225/225 
f 225/225/225 230/230/230 224/224/224 
f 230/230/230 231/231/231 224/224/224 
f 224/224/224 231/231/231 210/210/210 
f 231/231/231 232/232/232 210/210/210 
f 210/210/210 232/232/232 202/202/202 
f 232/232/232 232/232/232 202/202/202 
f 202/202/202 232/232/232 206/206/206 
f 232/232/232 232/232/232 206/206/206 
f 206/206/206 232/232/232 233/233/233 
f 232/232/232 232/232/232 233/233/233 
f 233/233/233 232/232/232 234/234/234 
f 232/232/232 231/231/231 234/234/234 
f 234/234/234 231/231/231 235/235/235 
f 231/231/231 230/230/230 235/235/235 
f 235/235/235 230/230/230 236/236/236 
f 230/230/230 228/228/228 236/236/236 
f 236/236/236 228/228/228 237/237/237 
f 228/228/228 229/229/229 237/237/237 
f 237/237/237 229/229/229 238/238/238 
f 229/229/229 239/239/239 238/238/238 
f 238/238/238 239/239/239 239/239/239 
f 239/239/239 238/238/238 239/239/239 
f 239/239/239 238/238/238 238/238/238 
f 238/238/238 240/240/240 238/238/238 
f 238/238/238 240/240/240 237/237/237 
f 240/240/240 241/241/241 237/237/237 
f 237/237/237 241/241/241 236/236/236 
f 241/241/241 242/242/242 236/236/236 
f 236/236/236 242/242/242 235/235/235 
f 242/242/242 243/243/243 235/235/235 
f 235/235/235 243/243/243 234/234/234 
f 243/243/243 244/244/244 234/234/234 
f 234/234/234 244/244/244 233/233/233 
f 244/244/244 245/245/245 233/233/233 
f 233/233/233 245/245/245 233/233/233 
f 245/245/245 246/246/246 233/233/233 
f 233/233/233 246/246/246 206/206/206 
f 246/246/246 246/246/246 206/206/206 
f 206/206/206 246/246/246 199/199/199 
f 246/246/246 247/247/247 199/199/199 
f 199/199/199 247/247/247 200/200/200 
f 247/247/247 248/248/248 200/200/200 
f 200/200/200 248/248/248 249/249/249 
f 248/248/248 249/249/249 249/249/249 
f 249/249/249 249/249/249 243/243/243 
f 249/249/249 243/243/243 243/243/243 
f 243/243/243 243/243/243 244/244/244 
f 243/243/243 250/250/250 244/244/244 
f 244/244/244 250/250/250 244/244/244 
f 250/250/250 251/251/251 244/244/244 
f 244/244/244 251/251/251 245/245/245 
f 251/251/251 252/252/252 245/245/245 
f 245/245/245 252/252/252 253/253/253 
f 252/252/252 254/254/254 253/253/253 
f 253/253/253 254/254/254 253/253/253 
f 254/254/254 255/255/255 253/253/253 
f 253/253/253 255/255/255 247/247/247 
f 255/255/255 248/248/248 247/247/247 
f 247/247/247 248/248/248 248/248/248 
f 248/248/248 247/247/247 248/248/248 
f 248/248/248 247/247/247 247/247/247 
f 247/247/247 246/246/246 247/247/247 
f 247/247/247 246/246/246 253/253/253 
f 246/246/246 245/245/245 253/253/253 
f 253/253/253 245/245/245 245/245/245 
f 245/245/245 256/256/256 245/245/245 
f 245/245/245 256/256/256 256/256/256 
f 256/256/256 257/257/257 256/256/256 
f 256/256/256 257/257/257 258/258/258 
f 257/257/257 257/257/257 258/258/258 
f 258/258/258 257/257/257 259/259/259 
f 257/257/257 260/260/260 259/259/259 
f 259/259/259 260/260/260 261/261/261 
f 260/260/260 262/262/262 261/261/261 
f 261/261/261 262/262/262 262/262/262 
f 262/262/262 259/259/259 262/262/262 
f 262/262/262 259/259/259 259/259/259 
f 259/259/259 261/261/261 259/259/259 
f 259/259/259 261/261/261 263/263/263 
f 261/261/261 264/264/264 263/263/263 
f 263/263/263 264/264/264 265/265/265 
f 264/264/264 266/266/266 265/265/265 
f 265/265/265 266/266/266 267/267/267 
f 266/266/266 268/268/268 267/267/267 
f 267/267/267 268/268/268 268/268/268 
f 268/268/268 259/259/259 268/268/268 
f 268/268/268 259/259/259 259/259/259 
f 259/259/259 263/263/263 259/259/259 
f 259/259/259 263/263/263 269/269/269 
f 263/263/263 270/270/270 269/269/269 
f 269/269/269 270/270/270 269/269/269 
f 270/270/270 271/271/271 269/269/269 
f 269/269/269 271/271/271 272/272/272 
f 271/271/271 273/273/273 272/272/272 
f 272/272/272 273/273/273 273/273/273 
f 273/273/273 263/263/263 273/273/273 
f 273/273/273 263/263/263 263/263/263 
f 263/263/263 265/265/265 263/263/263 
f 263/263/263 265/265/265 270/270/270 
f 265/265/265 274/274/274 270/270/270 
f 270/270/270 274/274/274 275/275/275 
f 274/274/274 274/274/274 275/275/275 
f 275/275/275 274/274/274 276/276/276 
f 274/274/274 274/274/274 276/276/276 
f 276/276/276 274/274/274 277/277/277 
f 274/274/274 267/267/267 277/277/277 
f 277/277/277 267/267/267 278/278/278 
f 267/267/267 268/268/268 278/278/278 
f 278/278/278 268/268/268 279/279/279 
f 268/268/268 280/280/280 279/279/279 
f 279/279/279 280/280/280 280/280/280 
f 280/280/280 274/274/274 280/280/280 
f 280/280/280 274/274/274 274/274/274 
f 274/274/274 265/265/265 274/274/274 
f 274/274/274 265/265/265 267/267/267 
f 265/265/265 267/267/267 267/267/267 
f 267/267/267 267/267/267 259/259/259 
f 267/267/267 259/259/259 259/259/259 
f 259/259/259 259/259/259 258/258/258 
f 259/259/259 269/269/269 258/258/258 
f 258/258/258 269/269/269 272/272/272 
f 269/269/269 272/272/272 272/272/272 
f 272/272/272 272/272/272 279/279/279 
f 272/272/272 279/279/279 279/279/279 
f 279/279/279 279/279/279 278/278/278 
f 279/279/279 281/281/281 278/278/278 
f 278/278/278 281/281/281 282/282/282 
f 281/281/281 283/283/283 282/282/282 
f 282/282/282 283/283/283 282/282/282 
f 283/283/283 284/284/284 282/282/282 
f 282/282/282 284/284/284 282/282/282 
f 284/284/284 285/285/285 282/282/282 
f 282/282/282 285/285/285 277/277/277 
f 285/285/285 285/285/285 277/277/277 
f 277/277/277 285/285/285 276/276/276 
f 285/285/285 285/285/285 276/276/276 
f 276/276/276 285/285/285 286/286/286 
f 285/285/285 287/287/287 286/286/286 
f 286/286/286 287/287/287 286/286/286 
f 287/287/287 288/288/288 286/286/286 
f 286/286/286 288/288/288 286/286/286 
f 288/288/288 289/289/289 286/286/286 
f 286/286/286 289/289/289 286/286/286 
f 289/289/289 290/290/290 286/286/286 
f 286/286/286 290/290/290 276/276/276 
f 290/290/290 290/290/290 276/276/276 
f 276/276/276 290/290/290 275/275/275 
f 290/290/290 291/291/291 275/275/275 
f 275/275/275 291/291/291 275/275/275 
f 291/291/291 292/292/292 275/275/275 
f 275/275/275 292/292/292 270/270/270 
f 292/292/292 271/271/271 270/270/270 
f 270/270/270 271/271/271 271/271/271 
f 271/271/271 277/277/277 271/271/271 
f 271/271/271 277/277/277 277/277/277 
f 277/277/277 278/278/278 277/277/277 
f 277/277/277 278/278/278 282/282/282 
f 278/278/278 282/282/282 282/282/282 
f 282/282/282 282/282/282 285/285/285 
f 282/282/282 285/285/285 285/285/285 
f 285/285/285 285/285/285 287/287/287 
f 285/285/285 284/284/284 287/287/287 
f 287/287/287 284/284/284 284/284/284 
f 284/284/284 291/291/291 284/284/284 
f 284/284/284 291/291/291 291/291/291 
f 291/291/291 290/290/290 291/291/291 
f 291/291/291 290/290/290 293/293/293 
f 290/290/290 289/289/289 293/293/293 
f 293/293/293 289/289/289 293/293/293 
f 289/289/289 294/294/294 293/293/293 
f 293/293/293 294/294/294 295/295/295 
f 294/294/294 296/296/296 295/295/295 
f 295/295/295 296/296/296 297/297/297 
f 296/296/296 298/298/298 297/297/297 
f 297/297/297 298/298/298 297/297/297 
f 298/298/298 299/299/299 297/297/297 
f 297/297/297 299/299/299 300/300/300 
f 299/299/299 301/301/301 300/300/300 
f 300/300/300 301/301/301 301/301/301 
f 301/301/301 300/300/300 301/301/301 
f 301/301/301 300/300/300 300/300/300 
f 300/300/300 302/302/302 300/300/300 
f 300/300/300 302/302/302 297/297/297 
f 302/302/302 295/295/295 297/297/297 
f 297/297/297 295/295/295 295/295/295 
f 295/295/295 300/300/300 295/295/295 
f 295/295/295 300/300/300 300/300/300 
f 300/300/300 303/303/303 300/300/300 
f 300/300/300 303/303/303 302/302/302 
f 303/303/303 303/303/303 302/302/302 
f 302/302/302 303/303/303 304/304/304 
f 303/303/303 305/305/305 304/304/304 
f 304/304/304 305/305/305 306/306/306 
f 305/305/305 307/307/307 306/306/306 
f 306/306/306 307/307/307 308/308/308 
f 307/307/307 309/309/309 308/308/308 
f 308/308/308 309/309/309 308/308/308 
f 309/309/309 310/310/310 308/308/308 
f 308/308/308 310/310/310 311/311/311 
f 310/310/310 312/312/312 311/311/311 
f 311/311/311 312/312/312 311/311/311 
f 312/312/312 313/313/313 311/311/311 
f 311/311/311 313/313/313 314/314/314 
f 313/313/313 315/315/315 314/314/314 
f 314/314/314 315/315/315 316/316/316 
f 315/315/315 317/317/317 316/316/316 
f 316/316/316 317/317/317 316/316/316 
f 317/317/317 273/273/273 316/316/316 
f 316/316/316 273/273/273 318/318/318 
f 273/273/273 271/271/271 318/318/318 
f 318/318/318 271/271/271 318/318/318 
f 271/271/271 292/292/292 318/318/318 
f 318/318/318 292/292/292 319/319/319 
f 292/292/292 291/291/291 319/319/319 
f 319/319/319 291/291/291 320/320/320 
f 291/291/291 293/293/293 320/320/320 
f 320/320/320 293/293/293 320/320/320 
f 293/293/293 295/295/295 320/320/320 
f 320/320/320 295/295/295 320/320/320 
f 295/295/295 302/302/302 320/320/320 
f 320/320/320 302/302/302 320/320/320 
f 302/302/302 304/304/304 320/320/320 
f 320/320/320 304/304/304 321/321/321 
f 304/304/304 306/306/306 321/321/321 
f 321/321/321 306/306/306 306/306/306 
f 306/306/306 320/320/320 306/306/306 
f 306/306/306 320/320/320 320/320/320 
f 320/320/320 321/321/321 320/320/320 
f 320/320/320 321/321/321 319/319/319 
f 321/321/321 322/322/322 319/319/319 
f 319/319/319 322/322/322 318/318/318 
f 322/322/322 322/322/322 318/318/318 
f 318/318/318 322/322/322 316/316/316 
f 322/322/322 322/322/322 316/316/316 
f 316/316/316 322/322/322 314/314/314 
f 322/322/322 323/323/323 314/314/314 
f 314/314/314 323/323/323 311/311/311 
f 323/323/323 323/323/323 311/311/311 
f 311/311/311 323/323/323 308/308/308 
f 323/323/323 323/323/323 308/308/308 
f 308/308/308 323/323/323 306/306/306 
f 323/323/323 323/323/323 306/306/306 
f 306/306/306 323/323/323 321/321/321 
f 323/323/323 322/322/322 321/321/321 
f 321/321/321 322/322/322 322/322/322 
f 322/322/322 324/324/324 322/322/322 
f 322/322/322 324/324/324 324/324/324 
f 324/324/324 325/325/325 324/324/324 
f 324/324/324 325/325/325 326/326/326 
f 325/325/325 327/327/327 326/326/326 
f 326/326/326 327/327/327 328/328/328 
f 327/327/327 327/327/327 328/328/328 
f 328/328/328 327/327/327 329/329/329 
f 327/327/327 327/327/327 329/329/329 
f 329/329/329 327/327/327 330/330/330 
f 327/327/327 327/327/327 330/330/330 
f 330/330/330 327/327/327 331/331/331 
f 327/327/327 325/325/325 331/331/331 
f 331/331/331 325/325/325 325/325/325 
f 325/325/325 332/332/332 325/325/325 
f 325/325/325 332/332/332 332/332/332 
f 332/332/332 333/333/333 332/332/332 
f 332/332/332 333/333/333 334/334/334 
f 333/333/333 335/335/335 334/334/334 
f 334/334/334 335/335/335 328/328/328 
f 335/335/335 335/335/335 328/328/328 
f 328/328/328 335/335/335 326/326/326 
f 335/335/335 336/336/336 326/326/326 
f 326/326/326 336/336/336 324/324/324 
f 336/336/336 324/324/324 324/324/324 
f 324/324/324 324/324/324 336/336/336 
f 324/324/324 336/336/336 336/336/336 
f 336/336/336 336/336/336 337/337/337 
f 336/336/336 335/335/335 337/337/337 
f 337/337/337 335/335/335 333/333/333 
f 335/335/335 333/333/333 333/333/333 
f 333/333/333 333/333/333 334/334/334 
f 333/333/333 334/334/334 334/334/334 
f 334/334/334 334/334/334 338/338/338 
f 334/334/334 328/328/328 338/338/338 
f 338/338/338 328/328/328 338/338/338 
f 328/328/328 329/329/329 338/338/338 
f 338/338/338 329/329/329 339/339/339 
f 329/329/329 340/340/340 339/339/339 
f 339/339/339 340/340/340 341/341/341 
f 340/340/340 342/342/342 341/341/341 
f 341/341/341 342/342/342 343/343/343 
f 342/342/342 343/343/343 343/343/343 
f 343/343/343 343/343/343 329/329/329 
f 343/343/343 329/329/329 329/329/329 
f 329/329/329 329/329/329 340/340/340 
f 329/329/329 330/330/330 340/340/340 
f 340/340/340 330/330/330 344/344/344 
f 330/330/330 330/330/330 344/344/344 
f 344/344/344 330/330/330 345/345/345 
f 330/330/330 331/331/331 345/345/345 
f 345/345/345 331/331/331 346/346/346 
f 331/331/331 331/331/331 346/346/346 
f 346/346/346 331/331/331 347/347/347 
f 331/331/331 325/325/325 347/347/347 
f 347/347/347 325/325/325 348/348/348 
f 325/325/325 324/324/324 348/348/348 
f 348/348/348 324/324/324 324/324/324 
f 324/324/324 344/344/344 324/324/324 
f 324/324/324 344/344/344 344/344/344 
f 344/344/344 342/342/342 344/344/344 
f 344/344/344 342/342/342 340/340/340 
f 342/342/342 340/340/340 340/340/340 
f 340/340/340 340/340/340 347/347/347 
f 340/340/340 347/347/347 347/347/347 
f 347/347/347 347/347/347 349/349/349 
f 347/347/347 348/348/348 349/349/349 
f 349/349/349 348/348/348 349/349/349 
f 348/348/348 350/350/350 349/349/349 
f 349/349/349 350/350/350 349/349/349 
f 350/350/350 351/351/351 349/349/349 
f 349/349/349 351/351/351 352/352/352 
f 351/351/351 353/353/353 352/352/352 
f 352/352/352 353/353/353 352/352/352 
f 353/353/353 354/354/354 352/352/352 
f 352/352/352 354/354/354 355/355/355 
f 354/354/354 356/356/356 355/355/355 
f 355/355/355 356/356/356 355/355/355 
f 356/356/356 357/357/357 355/355/355 
f 355/355/355 357/357/357 358/358/358 
f 357/357/357 357/357/357 358/358/358 
f 358/358/358 357/357/357 359/359/359 
f 357/357/357 360/360/360 359/359/359 
f 359/359/359 360/360/360 361/361/361 
f 360/360/360 362/362/362 361/361/361 
f 361/361/361 362/362/362 363/363/363 
f 362/362/362 364/364/364 363/363/363 
f 363/363/363 364/364/364 363/363/363 
f 364/364/364 365/365/365 363/363/363 
f 363/363/363 365/365/365 366/366/366 
f 365/365/365 367/367/367 366/366/366 
f 366/366/366 367/367/367 367/367/367 
f 367/367/367 366/366/366 367/367/367 
f 367/367/367 366/366/366 366/366/366 
f 366/366/366 368/368/368 366/366/366 
f 366/366/366 368/368/368 363/363/363 
f 368/368/368 368/368/368 363/363/363 
f 363/363/363 368/368/368 361/361/361 
f 368/368/368 369/369/369 361/361/361 
f 361/361/361 369/369/369 359/359/359 
f 369/369/369 359/359/359 359/359/359 
f 359/359/359 359/359/359 366/366/366 
f 359/359/359 366/366/366 366/366/366 
f 366/366/366 366/366/366 368/368/368 
f 366/366/366 370/370/370 368/368/368 
f 368/368/368 370/370/370 371/371/371 
f 370/370/370 372/372/372 371/371/371 
f 371/371/371 372/372/372 373/373/373 
f 372/372/372 374/374/374 373/373/373 
f 373/373/373 374/374/374 374/374/374 
f 374/374/374 368/368/368 374/374/374 
f 374/374/374 368/368/368 368/368/368 
f 368/368/368 371/371/371 368/368/368 
f 368/368/368 371/371/371 369/369/369 
f 371/371/371 375/375/375 369/369/369 
f 369/369/369 375/375/375 376/376/376 
f 375/375/375 377/377/377 376/376/376 
f 376/376/376 377/377/377 376/376/376 
f 377/377/377 346/346/346 376/376/376 
f 376/376/376 346/346/346 376/376/376 
f 346/346/346 358/358/358 376/376/376 
f 376/376/376 358/358/358 376/376/376 
f 358/358/358 359/359/359 376/376/376 
f 376/376/376 359/359/359 369/369/369 
f 359/359/359 369/369/369 369/369/369 
f 369/369/369 369/369/369 371/371/371 
f 369/369/369 371/371/371 371/371/371 
f 371/371/371 371/371/371 375/375/375 
f 371/371/371 373/373/373 375/375/375 
f 375/375/375 373/373/373 378/378/378 
f 373/373/373 373/373/373 378/378/378 
f 378/378/378 373/373/373 379/379/379 
f 373/373/373 374/374/374 379/379/379 
f 379/379/379 374/374/374 379/379/379 
f 374/374/374 380/380/380 379/379/379 
f 379/379/379 380/380/380 381/381/381 
f 380/380/380 382/382/382 381/381/381 
f 381/381/381 382/382/382 383/383/383 
f 382/382/382 384/384/384 383/383/383 
f 383/383/383 384/384/384 383/383/383 
f 384/384/384 385/385/385 383/383/383 
f 383/383/383 385/385/385 386/386/386 
f 385/385/385 387/387/387 386/386/386 
f 386/386/386 387/387/387 387/387/387 
f 387/387/387 378/378/378 387/387/387 
f 387/387/387 378/378/378 378/378/378 
f 378/378/378 377/377/377 378/378/378 
f 378/378/378 377/377/377 375/375/375 
f 377/377/377 375/375/375 375/375/375 
f 375/375/375 375/375/375 386/386/386 
f 375/375/375 386/386/386 386/386/386 
f 386/386/386 386/386/386 383/383/383 
f 386/386/386 388/388/388 383/383/383 
f 383/383/383 388/388/388 381/381/381 
f 388/388/388 389/389/389 381/381/381 
f 381/381/381 389/389/389 379/379/379 
f 389/389/389 389/389/389 379/379/379 
f 379/379/379 389/389/389 378/378/378 
f 389/389/389 390/390/390 378/378/378 
f 378/378/378 390/390/390 377/377/377 
f 390/390/390 377/377/377 377/377/377 
f 377/377/377 377/377/377 386/386/386 
f 377/377/377 386/386/386 386/386/386 
f 386/386/386 386/386/386 388/388/388 
f 386/386/386 391/391/391 388/388/388 
f 388/388/388 391/391/391 392/392/392 
f 391/391/391 393/393/393 392/392/392 
f 392/392/392 393/393/393 394/394/394 
f 393/393/393 393/393/393 394/394/394 
f 394/394/394 393/393/393 395/395/395 
f 393/393/393 396/396/396 395/395/395 
f 395/395/395 396/396/396 397/397/397 
f 396/396/396 398/398/398 397/397/397 
f 397/397/397 398/398/398 399/399/399 
f 398/398/398 400/400/400 399/399/399 
f 399/399/399 400/400/400 399/399/399 
f 400/400/400 401/401/401 399/399/399 
f 399/399/399 401/401/401 399/399/399 
f 401/401/401 402/402/402 399/399/399 
f 399/399/399 402/402/402 403/403/403 
f 402/402/402 343/343/343 403/403/403 
f 403/403/403 343/343/343 403/403/403 
f 343/343/343 342/342/342 403/403/403 
f 403/403/403 342/342/342 403/403/403 
f 342/342/342 404/404/404 403/403/403 
f 403/403/403 404/404/404 397/397/397 
f 404/404/404 404/404/404 397/397/397 
f 397/397/397 404/404/404 395/395/395 
f 404/404/404 405/405/405 395/395/395 
f 395/395/395 405/405/405 394/394/394 
f 405/405/405 406/406/406 394/394/394 
f 394/394/394 406/406/406 407/407/407 
f 406/406/406 406/406/406 407/407/407 
f 407/407/407 406/406/406 408/408/408 
f 406/406/406 405/405/405 408/408/408 
f 408/408/408 405/405/405 405/405/405 
f 405/405/405 388/388/388 405/405/405 
f 405/405/405 388/388/388 388/388/388 
f 388/388/388 392/392/392 388/388/388 
f 388/388/388 392/392/392 389/389/389 
f 392/392/392 407/407/407 389/389/389 
f 389/389/389 407/407/407 390/390/390 
f 407/407/407 408/408/408 390/390/390 
f 390/390/390 408/408/408 408/408/408 
f 408/408/408 394/394/394 408/408/408 
f 408/408/408 394/394/394 394/394/394 
f 394/394/394 407/407/407 394/394/394 
f 394/394/394 407/407/407 392/392/392 
f 407/407/407 392/392/392 392/392/392 
f 392/392/392 392/392/392 398/398/398 
f 392/392/392 398/398/398 398/398/398 
f 398/398/398 398/398/398 400/400/400 
f 398/398/398 409/409/409 400/400/400 
f 400/400/400 409/409/409 409/409/409 
f 409/409/409 397/397/397 409/409/409 
f 409/409/409 397/397/397 397/397/397 
f 397/397/397 399/399/399 397/397/397 
f 397/397/397 399/399/399 403/403/403 
f 399/399/399 403/403/403 403/403/403 
f 403/403/403 403/403/403 342/342/342 
f 403/403/403 342/342/342 342/342/342 
f 342/342/342 342/342/342 404/404/404 
f 342/342/342 344/344/344 404/404/404 
f 404/404/404 344/344/344 410/410/410 
f 344/344/344 345/345/345 410/410/410 
f 410/410/410 345/345/345 411/411/411 
f 345/345/345 346/346/346 411/411/411 
f 411/411/411 346/346/346 411/411/411 
f 346/346/346 377/377/377 411/411/411 
f 411/411/411 377/377/377 411/411/411 
f 377/377/377 390/390/390 411/411/411 
f 411/411/411 390/390/390 411/411/411 
f 390/390/390 408/408/408 411/411/411 
f 411/411/411 408/408/408 410/410/410 
f 408/408/408 405/405/405 410/410/410 
f 410/410/410 405/405/405 404/404/404 
f 405/405/405 404/404/404 404/404/404 
f 404/404/404 404/404/404 346/346/346 
f 404/404/404 346/346/346 346/346/346 
f 346/346/346 346/346/346 412/412/412 
f 346/346/346 347/347/347 412/412/412 
f 412/412/412 347/347/347 412/412/412 
f 347/347/347 349/349/349 412/412/412 
f 412/412/412 349/349/349 412/412/412 
f 349/349/349 352/352/352 412/412/412 
f 412/412/412 352/352/352 412/412/412 
f 352/352/352 355/355/355 412/412/412 
f 412/412/412 355/355/355 412/412/412 
f 355/355/355 358/358/358 412/412/412 
f 412/412/412 358/358/358 346/346/346 
f 358/358/358 346/346/346 346/346/346 
f 346/346/346 346/346/346 413/413/413 
f 346/346/346 413/413/413 413/413/413 
f 413/413/413 413/413/413 414/414/414 
f 413/413/413 415/415/415 414/414/414 
f 414/414/414 415/415/415 416/416/416 
f 415/415/415 417/417/417 416/416/416 
f 416/416/416 417/417/417 418/418/418 
f 417/417/417 417/417/417 418/418/418 
f 418/418/418 417/417/417 419/419/419 
f 417/417/417 420/420/420 419/419/419 
f 419/419/419 420/420/420 419/419/419 
f 420/420/420 421/421/421 419/419/419 
f 419/419/419 421/421/421 422/422/422 
f 421/421/421 421/421/421 422/422/422 
f 422/422/422 421/421/421 423/423/423 
f 421/421/421 424/424/424 423/423/423 
f 423/423/423 424/424/424 425/425/425 
f 424/424/424 426/426/426 425/425/425 
f 425/425/425 426/426/426 426/426/426 
f 426/426/426 427/427/427 426/426/426 
f 426/426/426 427/427/427 427/427/427 
f 427/427/427 428/428/428 427/427/427 
f 427/427/427 428/428/428 429/429/429 
f 428/428/428 428/428/428 429/429/429 
f 429/429/429 428/428/428 430/430/430 
f 428/428/428 431/431/431 430/430/430 
f 430/430/430 431/431/431 432/432/432 
f 431/431/431 432/432/432 432/432/432 
f 432/432/432 432/432/432 427/427/427 
f 432/432/432 427/427/427 427/427/427 
f 427/427/427 427/427/427 428/428/428 
f 427/427/427 433/433/433 428/428/428 
f 428/428/428 433/433/433 434/434/434 
f 433/433/433 435/435/435 434/434/434 
f 434/434/434 435/435/435 436/436/436 
f 435/435/435 437/437/437 436/436/436 
f 436/436/436 437/437/437 436/436/436 
f 437/437/437 438/438/438 436/436/436 
f 436/436/436 438/438/438 439/439/439 
f 438/438/438 440/440/440 439/439/439 
f 439/439/439 440/440/440 441/441/441 
f 440/440/440 442/442/442 441/441/441 
f 441/441/441 442/442/442 443/443/443 
f 442/442/442 444/444/444 443/443/443 
f 443/443/443 444/444/444 445/445/445 
f 444/444/444 446/446/446 445/445/445 
f 445/445/445 446/446/446 445/445/445 
f 446/446/446 447/447/447 445/445/445 
f 445/445/445 447/447/447 448/448/448 
f 447/447/447 449/449/449 448/448/448 
f 448/448/448 449/449/449 448/448/448 
f 449/449/449 450/450/450 448/448/448 
f 448/448/448 450/450/450 448/448/448 
f 450/450/450 451/451/451 448/448/448 
f 448/448/448 451/451/451 452/452/452 
f 451/451/451 453/453/453 452/452/452 
f 452/452/452 453/453/453 452/452/452 
f 453/453/453 454/454/454 452/452/452 
f 452/452/452 454/454/454 443/443/443 
f 454/454/454 441/441/441 443/443/443 
f 443/443/443 441/441/441 441/441/441 
f 441/441/441 431/431/431 441/441/441 
f 441/441/441 431/431/431 431/431/431 
f 431/431/431 428/428/428 431/431/431 
f 431/431/431 428/428/428 434/434/434 
f 428/428/428 434/434/434 434/434/434 
f 434/434/434 434/434/434 448/448/448 
f 434/434/434 448/448/448 448/448/448 
f 448/448/448 448/448/448 445/445/445 
f 448/448/448 452/452/452 445/445/445 
f 445/445/445 452/452/452 443/443/443 
f 452/452/452 443/443/443 443/443/443 
f 443/443/443 443/443/443 451/451/451 
f 443/443/443 451/451/451 451/451/451 
f 451/451/451 451/451/451 453/453/453 
f 451/451/451 455/455/455 453/453/453 
f 453/453/453 455/455/455 456/456/456 
f 455/455/455 457/457/457 456/456/456 
f 456/456/456 457/457/457 458/458/458 
f 457/457/457 459/459/459 458/458/458 
f 458/458/458 459/459/459 458/458/458 
f 459/459/459 460/460/460 458/458/458 
f 458/458/458 460/460/460 461/461/461 
f 460/460/460 462/462/462 461/461/461 
f 461/461/461 462/462/462 462/462/462 
f 462/462/462 461/461/461 462/462/462 
f 462/462/462 461/461/461 461/461/461 
f 461/461/461 463/463/463 461/461/461 
f 461/461/461 463/463/463 458/458/458 
f 463/463/463 463/463/463 458/458/458 
f 458/458/458 463/463/463 456/456/456 
f 463/463/463 464/464/464 456/456/456 
f 456/456/456 464/464/464 453/453/453 
f 464/464/464 464/464/464 453/453/453 
f 453/453/453 464/464/464 454/454/454 
f 464/464/464 465/465/465 454/454/454 
f 454/454/454 465/465/465 441/441/441 
f 465/465/465 465/465/465 441/441/441 
f 441/441/441 465/465/465 439/439/439 
f 465/465/465 466/466/466 439/439/439 
f 439/439/439 466/466/466 436/436/436 
f 466/466/466 466/466/466 436/436/436 
f 436/436/436 466/466/466 434/434/434 
f 466/466/466 466/466/466 434/434/434 
f 434/434/434 466/466/466 431/431/431 
f 466/466/466 467/467/467 431/431/431 
f 431/431/431 467/467/467 432/432/432 
f 467/467/467 467/467/467 432/432/432 
f 432/432/432 467/467/467 468/468/468 
f 467/467/467 467/467/467 468/468/468 
f 468/468/468 467/467/467 469/469/469 
f 467/467/467 470/470/470 469/469/469 
f 469/469/469 470/470/470 471/471/471 
f 470/470/470 466/466/466 471/471/471 
f 471/471/471 466/466/466 471/471/471 
f 466/466/466 465/465/465 471/471/471 
f 471/471/471 465/465/465 471/471/471 
f 465/465/465 464/464/464 471/471/471 
f 471/471/471 464/464/464 472/472/472 
f 464/464/464 463/463/463 472/472/472 
f 472/472/472 463/463/463 473/473/473 
f 463/463/463 461/461/461 473/473/473 
f 473/473/473 461/461/461 461/461/461 
f 461/461/461 473/473/473 461/461/461 
f 461/461/461 473/473/473 473/473/473 
f 473/473/473 474/474/474 473/473/473 
f 473/473/473 474/474/474 472/472/472 
f 474/474/474 469/469/469 472/472/472 
f 472/472/472 469/469/469 471/471/471 
f 469/469/469 471/471/471 471/471/471 
f 471/471/471 471/471/471 467/467/467 
f 471/471/471 467/467/467 467/467/467 
f 467/467/467 467/467/467 470/470/470 
f 467/467/467 466/466/466 470/470/470 
f 470/470/470 466/466/466 466/466/466 
f 466/466/466 469/469/469 466/466/466 
f 466/466/466 469/469/469 469/469/469 
f 469/469/469 474/474/474 469/469/469 
f 469/469/469 474/474/474 468/468/468 
f 474/474/474 475/475/475 468/468/468 
f 468/468/468 475/475/475 476/476/476 
f 475/475/475 477/477/477 476/476/476 
f 476/476/476 477/477/477 478/478/478 
f 477/477/477 479/479/479 478/478/478 
f 478/478/478 479/479/479 478/478/478 
f 479/479/479 480/480/480 478/478/478 
f 478/478/478 480/480/480 478/478/478 
f 480/480/480 481/481/481 478/478/478 
f 478/478/478 481/481/481 478/478/478 
f 481/481/481 482/482/482 478/478/478 
f 478/478/478 482/482/482 476/476/476 
f 482/482/482 432/432/432 476/476/476 
f 476/476/476 432/432/432 468/468/468 
f 432/432/432 468/468/468 468/468/468 
f 468/468/468 468/468/468 477/477/477 
f 468/468/468 477/477/477 477/477/477 
f 477/477/477 477/477/477 479/479/479 
f 477/477/477 483/483/483 479/479/479 
f 479/479/479 483/483/483 483/483/483 
f 483/483/483 481/481/481 483/483/483 
f 483/483/483 481/481/481 481/481/481 
f 481/481/481 484/484/484 481/481/481 
f 481/481/481 484/484/484 482/482/482 
f 484/484/484 485/485/485 482/482/482 
f 482/482/482 485/485/485 432/432/432 
f 485/485/485 485/485/485 432/432/432 
f 432/432/432 485/485/485 430/430/430 
f 485/485/485 486/486/486 430/430/430 
f 430/430/430 486/486/486 429/429/429 
f 486/486/486 429/429/429 429/429/429 
f 429/429/429 429/429/429 484/484/484 
f 429/429/429 484/484/484 484/484/484 
f 484/484/484 484/484/484 485/485/485 
f 484/484/484 487/487/487 485/485/485 
f 485/485/485 487/487/487 486/486/486 
f 487/487/487 488/488/488 486/486/486 
f 486/486/486 488/488/488 489/489/489 
f 488/488/488 488/488/488 489/489/489 
f 489/489/489 488/488/488 490/490/490 
f 488/488/488 488/488/488 490/490/490 
f 490/490/490 488/488/488 491/491/491 
f 488/488/488 488/488/488 491/491/491 
f 491/491/491 488/488/488 492/492/492 
f 488/488/488 487/487/487 492/492/492 
f 492/492/492 487/487/487 487/487/487 
f 487/487/487 486/486/486 487/487/487 
f 487/487/487 486/486/486 486/486/486 
f 486/486/486 489/489/489 486/486/486 
f 486/486/486 489/489/489 429/429/429 
f 489/489/489 493/493/493 429/429/429 
f 429/429/429 493/493/493 427/427/427 
f 493/493/493 427/427/427 427/427/427 
f 427/427/427 427/427/427 493/493/493 
f 427/427/427 493/493/493 493/493/493 
f 493/493/493 493/493/493 494/494/494 
f 493/493/493 489/489/489 494/494/494 
f 494/494/494 489/489/489 490/490/490 
f 489/489/489 490/490/490 490/490/490 
f 490/490/490 490/490/490 495/495/495 
f 490/490/490 495/495/495 495/495/495 
f 495/495/495 495/495/495 496/496/496 
f 495/495/495 497/497/497 496/496/496 
f 496/496/496 497/497/497 498/498/498 
f 497/497/497 499/499/499 498/498/498 
f 498/498/498 499/499/499 498/498/498 
f 499/499/499 500/500/500 498/498/498 
f 498/498/498 500/500/500 501/501/501 
f 500/500/500 502/502/502 501/501/501 
f 501/501/501 502/502/502 503/503/503 
f 502/502/502 504/504/504 503/503/503 
f 503/503/503 504/504/504 505/505/505 
f 504/504/504 505/505/505 505/505/505 
f 505/505/505 505/505/505 497/497/497 
f 505/505/505 497/497/497 497/497/497 
f 497/497/497 497/497/497 506/506/506 
f 497/497/497 495/495/495 506/506/506 
f 506/506/506 495/495/495 506/506/506 
f 495/495/495 507/507/507 506/506/506 
f 506/506/506 507/507/507 508/508/508 
f 507/507/507 508/508/508 508/508/508 
f 508/508/508 508/508/508 509/509/509 
f 508/508/508 509/509/509 509/509/509 
f 509/509/509 509/509/509 510/510/510 
f 509/509/509 511/511/511 510/510/510 
f 510/510/510 511/511/511 512/512/512 
f 511/511/511 513/513/513 512/512/512 
f 512/512/512 513/513/513 514/514/514 
f 513/513/513 515/515/515 514/514/514 
f 514/514/514 515/515/515 516/516/516 
f 515/515/515 515/515/515 516/516/516 
f 516/516/516 515/515/515 517/517/517 
f 515/515/515 518/518/518 517/517/517 
f 517/517/517 518/518/518 517/517/517 
f 518/518/518 519/519/519 517/517/517 
f 517/517/517 519/519/519 520/520/520 
f 519/519/519 519/519/519 520/520/520 
f 520/520/520 519/519/519 521/521/521 
f 519/519/519 522/522/522 521/521/521 
f 521/521/521 522/522/522 523/523/523 
f 522/522/522 524/524/524 523/523/523 
f 523/523/523 524/524/524 525/525/525 
f 524/524/524 526/526/526 525/525/525 
f 525/525/525 526/526/526 526/526/526 
f 526/526/526 527/527/527 526/526/526 
f 526/526/526 527/527/527 527/527/527 
f 527/527/527 528/528/528 527/527/527 
f 527/527/527 528/528/528 529/529/529 
f 528/528/528 530/530/530 529/529/529 
f 529/529/529 530/530/530 531/531/531 
f 530/530/530 532/532/532 531/531/531 
f 531/531/531 532/532/532 531/531/531 
f 532/532/532 533/533/533 531/531/531 
f 531/531/531 533/533/533 534/534/534 
f 533/533/533 535/535/535 534/534/534 
f 534/534/534 535/535/535 536/536/536 
f 535/535/535 536/536/536 536/536/536 
f 536/536/536 536/536/536 537/537/537 
f 536/536/536 537/537/537 537/537/537 
f 537/537/537 537/537/537 538/538/538 
f 537/537/537 539/539/539 538/538/538 
f 538/538/538 539/539/539 540/540/540 
f 539/539/539 540/540/540 540/540/540 
f 540/540/540 540/540/540 539/539/539 
f 540/540/540 539/539/539 539/539/539 
f 539/539/539 539/539/539 541/541/541 
f 539/539/539 537/537/537 541/541/541 
f 541/541/541 537/537/537 542/542/542 
f 537/537/537 538/538/538 542/542/542 
f 542/542/542 538/538/538 543/543/543 
f 538/538/538 538/538/538 543/543/543 
f 543/543/543 538/538/538 544/544/544 
f 538/538/538 540/540/540 544/544/544 
f 544/544/544 540/540/540 544/544/544 
f 540/540/540 545/545/545 544/544/544 
f 544/544/544 545/545/545 546/546/546 
f 545/545/545 547/547/547 546/546/546 
f 546/546/546 547/547/547 547/547/547 
f 547/547/547 541/541/541 547/547/547 
f 547/547/547 541/541/541 541/541/541 
f 541/541/541 542/542/542 541/541/541 
f 541/541/541 542/542/542 548/548/548 
f 542/542/542 543/543/543 548/548/548 
f 548/548/548 543/543/543 549/549/549 
f 543/543/543 550/550/550 549/549/549 
f 549/549/549 550/550/550 551/551/551 
f 550/550/550 552/552/552 551/551/551 
f 551/551/551 552/552/552 553/553/553 
f 552/552/552 554/554/554 553/553/553 
f 553/553/553 554/554/554 555/555/555 
f 554/554/554 555/555/555 555/555/555 
f 555/555/555 555/555/555 543/543/543 
f 555/555/555 543/543/543 543/543/543 
f 543/543/543 543/543/543 550/550/550 
f 543/543/543 544/544/544 550/550/550 
f 550/550/550 544/544/544 550/550/550 
f 544/544/544 546/546/546 550/550/550 
f 550/550/550 546/546/546 552/552/552 
f 546/546/546 556/556/556 552/552/552 
f 552/552/552 556/556/556 554/554/554 
f 556/556/556 557/557/557 554/554/554 
f 554/554/554 557/557/557 555/555/555 
f 557/557/557 557/557/557 555/555/555 
f 555/555/555 557/557/557 558/558/558 
f 557/557/557 559/559/559 558/558/558 
f 558/558/558 559/559/559 558/558/558 
f 559/559/559 560/560/560 558/558/558 
f 558/558/558 560/560/560 561/561/561 
f 560/560/560 562/562/562 561/561/561 
f 561/561/561 562/562/562 563/563/563 
f 562/562/562 564/564/564 563/563/563 
f 563/563/563 564/564/564 565/565/565 
f 564/564/564 566/566/566 565/565/565 
f 565/565/565 566/566/566 567/567/567 
f 566/566/566 568/568/568 567/567/567 
f 567/567/567 568/568/568 569/569/569 
f 568/568/568 570/570/570 569/569/569 
f 569/569/569 570/570/570 571/571/571 
f 570/570/570 572/572/572 571/571/571 
f 571/571/571 572/572/572 573/573/573 
f 572/572/572 573/573/573 573/573/573 
f 573/573/573 573/573/573 546/546/546 
f 573/573/573 546/546/546 546/546/546 
f 546/546/546 546/546/546 556/556/556 
f 546/546/546 547/547/547 556/556/556 
f 556/556/556 547/547/547 556/556/556 
f 547/547/547 574/574/574 556/556/556 
f 556/556/556 574/574/574 575/575/575 
f 574/574/574 576/576/576 575/575/575 
f 575/575/575 576/576/576 576/576/576 
f 576/576/576 575/575/575 576/576/576 
f 576/576/576 575/575/575 575/575/575 
f 575/575/575 557/557/557 575/575/575 
f 575/575/575 557/557/557 556/556/556 
f 557/557/557 556/556/556 556/556/556 
f 556/556/556 556/556/556 570/570/570 
f 556/556/556 570/570/570 570/570/570 
f 570/570/570 570/570/570 572/572/572 
f 570/570/570 568/568/568 572/572/572 
f 572/572/572 568/568/568 577/577/577 
f 568/568/568 566/566/566 577/577/577 
f 577/577/577 566/566/566 578/578/578 
f 566/566/566 564/564/564 578/578/578 
f 578/578/578 564/564/564 578/578/578 
f 564/564/564 579/579/579 578/578/578 
f 578/578/578 579/579/579 580/580/580 
f 579/579/579 579/579/579 580/580/580 
f 580/580/580 579/579/579 581/581/581 
f 579/579/579 582/582/582 581/581/581 
f 581/581/581 582/582/582 583/583/583 
f 582/582/582 583/583/583 583/583/583 
f 583/583/583 583/583/583 572/572/572 
f 583/583/583 572/572/572 572/572/572 
f 572/572/572 572/572/572 573/573/573 
f 572/572/572 577/577/577 573/573/573 
f 573/573/573 577/577/577 584/584/584 
f 577/577/577 578/578/578 584/584/584 
f 584/584/584 578/578/578 580/580/580 
f 578/578/578 580/580/580 580/580/580 
f 580/580/580 580/580/580 564/564/564 
f 580/580/580 564/564/564 564/564/564 
f 564/564/564 564/564/564 579/579/579 
f 564/564/564 562/562/562 579/579/579 
f 579/579/579 562/562/562 582/582/582 
f 562/562/562 560/560/560 582/582/582 
f 582/582/582 560/560/560 585/585/585 
f 560/560/560 559/559/559 585/585/585 
f 585/585/585 559/559/559 585/585/585 
f 559/559/559 586/586/586 585/585/585 
f 585/585/585 586/586/586 587/587/587 
f 586/586/586 586/586/586 587/587/587 
f 587/587/587 586/586/586 588/588/588 
f 586/586/586 586/586/586 588/588/588 
f 588/588/588 586/586/586 576/576/576 
f 586/586/586 586/586/586 576/576/576 
f 576/576/576 586/586/586 575/575/575 
f 586/586/586 586/586/586 575/575/575 
f 575/575/575 586/586/586 557/557/557 
f 586/586/586 559/559/559 557/557/557 
f 557/557/557 559/559/559 559/559/559 
f 559/559/559 582/582/582 559/559/559 
f 559/559/559 582/582/582 582/582/582 
f 582/582/582 585/585/585 582/582/582 
f 582/582/582 585/585/585 583/583/583 
f 585/585/585 587/587/587 583/583/583 
f 583/583/583 587/587/587 587/587/587 
f 587/587/587 589/589/589 587/587/587 
f 587/587/587 589/589/589 589/589/589 
f 589/589/589 590/590/590 589/589/589 
f 589/589/589 590/590/590 591/591/591 
f 590/590/590 590/590/590 591/591/591 
f 591/591/591 590/590/590 592/592/592 
f 590/590/590 593/593/593 592/592/592 
f 592/592/592 593/593/593 594/594/594 
f 593/593/593 593/593/593 594/594/594 
f 594/594/594 593/593/593 595/595/595 
f 593/593/593 596/596/596 595/595/595 
f 595/595/595 596/596/596 597/597/597 
f 596/596/596 598/598/598 597/597/597 
f 597/597/597 598/598/598 598/598/598 
f 598/598/598 599/599/599 598/598/598 
f 598/598/598 599/599/599 599/599/599 
f 599/599/599 600/600/600 599/599/599 
f 599/599/599 600/600/600 601/601/601 
f 600/600/600 602/602/602 601/601/601 
f 601/601/601 602/602/602 603/603/603 
f 602/602/602 604/604/604 603/603/603 
f 603/603/603 604/604/604 603/603/603 
f 604/604/604 605/605/605 603/603/603 
f 603/603/603 605/605/605 606/606/606 
f 605/605/605 607/607/607 606/606/606 
f 606/606/606 607/607/607 608/608/608 
f 607/607/607 608/608/608 608/608/608 
f 608/608/608 608/608/608 609/609/609 
f 608/608/608 609/609/609 609/609/609 
f 609/609/609 609/609/609 610/610/610 
f 609/609/609 611/611/611 610/610/610 
f 610/610/610 611/611/611 612/612/612 
f 611/611/611 612/612/612 612/612/612 
f 612/612/612 612/612/612 613/613/613 
f 612/612/612 613/613/613 613/613/613 
f 613/613/613 613/613/613 614/614/614 
f 613/613/613 615/615/615 614/614/614 
f 614/614/614 615/615/615 614/614/614 
f 615/615/615 616/616/616 614/614/614 
f 614/614/614 616/616/616 617/617/617 
f 616/616/616 618/618/618 617/617/617 
f 617/617/617 618/618/618 617/617/617 
f 618/618/618 619/619/619 617/617/617 
f 617/617/617 619/619/619 620/620/620 
f 619/619/619 619/619/619 620/620/620 
f 620/620/620 619/619/619 621/621/621 
f 619/619/619 622/622/622 621/621/621 
f 621/621/621 622/622/622 623/623/623 
f 622/622/622 624/624/624 623/623/623 
f 623/623/623 624/624/624 625/625/625 
f 624/624/624 626/626/626 625/625/625 
f 625/625/625 626/626/626 626/626/626 
f 626/626/626 627/627/627 626/626/626 
f 626/626/626 627/627/627 627/627/627 
f 627/627/627 628/628/628 627/627/627 
f 627/627/627 628/628/628 629/629/629 
f 628/628/628 630/630/630 629/629/629 

